{"stats":{"minecraft:crafted":{"minecraft:wooden_sword":1,"minecraft:crafting_table":1,"minecraft:stick":4,"minecraft:jungle_planks":20},"minecraft:used":{"minecraft:melon_slice":15,"minecraft:wooden_sword":10,"minecraft:dirt":7,"minecraft:crafting_table":1,"minecraft:jungle_planks":4},"minecraft:custom":{"minecraft:time_since_rest":24191,"minecraft:sprint_one_cm":22059,"minecraft:damage_taken":382,"minecraft:walk_one_cm":20452,"minecraft:mob_kills":2,"minecraft:drop":24,"minecraft:damage_dealt":495,"minecraft:interact_with_crafting_table":2,"minecraft:fly_one_cm":39175,"minecraft:player_kills":1,"minecraft:crouch_one_cm":6076,"minecraft:play_time":24191,"minecraft:sneak_time":2226,"minecraft:jump":263,"minecraft:leave_game":3,"minecraft:time_since_death":24191,"minecraft:climb_one_cm":348,"minecraft:total_world_time":24191,"minecraft:fall_one_cm":6051},"minecraft:killed":{"minecraft:skeleton":1,"minecraft:zombie":1},"minecraft:picked_up":{"minecraft:cocoa_beans":6,"minecraft:jungle_log":6,"minecraft:jungle_planks":1,"minecraft:dirt":9,"minecraft:rotten_flesh":2,"minecraft:arrow":1,"minecraft:bone":1,"minecraft:wheat_seeds":4,"minecraft:jungle_sapling":1,"minecraft:melon_slice":49},"minecraft:dropped":{"minecraft:wheat_seeds":2,"minecraft:melon_slice":13,"minecraft:wooden_sword":1,"minecraft:jungle_planks":8},"minecraft:mined":{"minecraft:jungle_leaves":8,"minecraft:grass":30,"minecraft:grass_block":4,"minecraft:vine":3,"minecraft:cocoa":3,"minecraft:melon":9,"minecraft:jungle_planks":1,"minecraft:jungle_log":5,"minecraft:dirt":5,"minecraft:oak_leaves":5,"minecraft:fern":11}},"DataVersion":3105}