{"stats":{"minecraft:crafted":{"minecraft:wooden_sword":1,"minecraft:crafting_table":3,"minecraft:stick":16,"minecraft:wooden_pickaxe":2,"minecraft:stone_pickaxe":2,"minecraft:furnace":1,"minecraft:torch":4,"minecraft:stone_axe":1,"minecraft:jungle_planks":40},"minecraft:used":{"minecraft:diorite":1,"minecraft:melon_slice":30,"minecraft:stone_pickaxe":104,"minecraft:wooden_pickaxe":13,"minecraft:stone_axe":5,"minecraft:torch":3,"minecraft:cobblestone":24,"minecraft:rotten_flesh":3,"minecraft:wooden_sword":10,"minecraft:dirt":18,"minecraft:crafting_table":3,"minecraft:furnace":1,"minecraft:jungle_planks":4,"minecraft:pointed_dripstone":20},"minecraft:custom":{"minecraft:time_since_rest":7031,"minecraft:interact_with_furnace":1,"minecraft:sprint_one_cm":60831,"minecraft:damage_taken":882,"minecraft:walk_one_cm":49804,"minecraft:mob_kills":3,"minecraft:drop":24,"minecraft:damage_dealt":696,"minecraft:swim_one_cm":1773,"minecraft:deaths":1,"minecraft:interact_with_crafting_table":8,"minecraft:fly_one_cm":88616,"minecraft:player_kills":1,"minecraft:crouch_one_cm":28442,"minecraft:play_time":90184,"minecraft:sneak_time":9813,"minecraft:walk_under_water_one_cm":204,"minecraft:jump":747,"minecraft:leave_game":3,"minecraft:walk_on_water_one_cm":2258,"minecraft:time_since_death":7011,"minecraft:climb_one_cm":4152,"minecraft:total_world_time":90184,"minecraft:fall_one_cm":20648},"minecraft:killed":{"minecraft:skeleton":1,"minecraft:zombie":2},"minecraft:picked_up":{"minecraft:cocoa_beans":6,"minecraft:raw_iron":7,"minecraft:jungle_log":11,"minecraft:dripstone_block":6,"minecraft:jungle_planks":1,"minecraft:pointed_dripstone":34,"minecraft:diorite":1,"minecraft:dirt":18,"minecraft:rotten_flesh":4,"minecraft:arrow":1,"minecraft:bone":1,"minecraft:wheat_seeds":5,"minecraft:granite":1,"minecraft:jungle_sapling":1,"minecraft:melon_slice":49,"minecraft:coal":18,"minecraft:cobblestone":69},"minecraft:dropped":{"minecraft:wheat_seeds":2,"minecraft:melon_slice":13,"minecraft:wooden_sword":1,"minecraft:jungle_planks":8},"minecraft:killed_by":{"minecraft:skeleton":1},"minecraft:mined":{"minecraft:iron_ore":7,"minecraft:jungle_leaves":8,"minecraft:granite":1,"minecraft:pointed_dripstone":16,"minecraft:coal_ore":18,"minecraft:grass":45,"minecraft:grass_block":11,"minecraft:vine":7,"minecraft:cocoa":3,"minecraft:melon":9,"minecraft:jungle_planks":1,"minecraft:jungle_log":10,"minecraft:dripstone_block":6,"minecraft:dirt":8,"minecraft:cobblestone":4,"minecraft:stone":66,"minecraft:diorite":1,"minecraft:oak_leaves":6,"minecraft:fern":13}},"DataVersion":3105}