{"stats":{"minecraft:crafted":{"minecraft:wooden_sword":1,"minecraft:oak_planks":40,"minecraft:crafting_table":4,"minecraft:wooden_pickaxe":2,"minecraft:furnace":1,"minecraft:stone_axe":1,"minecraft:jungle_planks":40,"minecraft:stick":16,"minecraft:stone_pickaxe":2,"minecraft:stone_sword":1,"minecraft:torch":8},"minecraft:used":{"minecraft:diorite":1,"minecraft:stone_sword":5,"minecraft:stone_pickaxe":125,"minecraft:wooden_pickaxe":13,"minecraft:rotten_flesh":5,"minecraft:torch":6,"minecraft:dirt":18,"minecraft:crafting_table":4,"minecraft:jungle_planks":4,"minecraft:melon_slice":30,"minecraft:wooden_sword":10,"minecraft:stone_axe":17,"minecraft:cobblestone":28,"minecraft:furnace":1,"minecraft:pointed_dripstone":20},"minecraft:custom":{"minecraft:interact_with_furnace":1,"minecraft:mob_kills":7,"minecraft:interact_with_crafting_table":9,"minecraft:leave_game":4,"minecraft:time_since_death":2483,"minecraft:climb_one_cm":4683,"minecraft:time_since_rest":2503,"minecraft:sprint_one_cm":76128,"minecraft:damage_taken":1462,"minecraft:walk_one_cm":65088,"minecraft:drop":24,"minecraft:damage_dealt":1454,"minecraft:swim_one_cm":1773,"minecraft:fly_one_cm":110003,"minecraft:player_kills":1,"minecraft:play_time":97405,"minecraft:crouch_one_cm":34580,"minecraft:sneak_time":11541,"minecraft:deaths":3,"minecraft:walk_under_water_one_cm":204,"minecraft:jump":907,"minecraft:walk_on_water_one_cm":2302,"minecraft:total_world_time":97405,"minecraft:fall_one_cm":28794},"minecraft:killed":{"minecraft:creeper":1,"minecraft:skeleton":1,"minecraft:zombie":5},"minecraft:picked_up":{"minecraft:cocoa_beans":6,"minecraft:jungle_log":11,"minecraft:oak_log":10,"minecraft:dirt":19,"minecraft:bone":1,"minecraft:wheat_seeds":11,"minecraft:jungle_sapling":1,"minecraft:poppy":6,"minecraft:melon_slice":49,"minecraft:raw_iron":7,"minecraft:dandelion":2,"minecraft:dripstone_block":8,"minecraft:jungle_planks":1,"minecraft:pointed_dripstone":34,"minecraft:diorite":1,"minecraft:arrow":1,"minecraft:rotten_flesh":7,"minecraft:granite":1,"minecraft:coal":20,"minecraft:cobblestone":80},"minecraft:dropped":{"minecraft:wheat_seeds":2,"minecraft:jungle_planks":8,"minecraft:melon_slice":13,"minecraft:wooden_sword":1},"minecraft:killed_by":{"minecraft:skeleton":2},"minecraft:mined":{"minecraft:jungle_leaves":10,"minecraft:dandelion":1,"minecraft:granite":1,"minecraft:poppy":3,"minecraft:grass_block":12,"minecraft:jungle_planks":1,"minecraft:melon":9,"minecraft:jungle_log":10,"minecraft:cobblestone":5,"minecraft:diorite":1,"minecraft:iron_ore":7,"minecraft:grass":68,"minecraft:coal_ore":20,"minecraft:pointed_dripstone":16,"minecraft:oak_log":10,"minecraft:cocoa":3,"minecraft:vine":7,"minecraft:dripstone_block":8,"minecraft:dirt":8,"minecraft:stone":82,"minecraft:oak_leaves":6,"minecraft:fern":16}},"DataVersion":3105}