{"stats":{"minecraft:crafted":{"minecraft:wooden_sword":2,"minecraft:oak_planks":100,"minecraft:cooked_chicken":7,"minecraft:furnace":3,"minecraft:cooked_mutton":2,"minecraft:iron_axe":1,"minecraft:stone_pickaxe":4,"minecraft:dark_oak_planks":8,"minecraft:cooked_porkchop":4,"minecraft:crafting_table":7,"minecraft:jungle_boat":1,"minecraft:dried_kelp":16,"minecraft:wooden_pickaxe":3,"minecraft:iron_sword":1,"minecraft:cooked_salmon":7,"minecraft:stone_axe":3,"minecraft:air":0,"minecraft:jungle_planks":120,"minecraft:iron_chestplate":1,"minecraft:shield":1,"minecraft:stick":47,"minecraft:iron_ingot":30,"minecraft:iron_pickaxe":1,"minecraft:stone_sword":3,"minecraft:torch":84},"minecraft:custom":{"minecraft:mob_kills":49,"minecraft:interact_with_crafting_table":33,"minecraft:leave_game":10,"minecraft:time_since_death":7624,"minecraft:climb_one_cm":20429,"minecraft:sprint_one_cm":317707,"minecraft:walk_one_cm":239008,"minecraft:damage_blocked_by_shield":370,"minecraft:drop":64,"minecraft:play_time":283002,"minecraft:deaths":11,"minecraft:sneak_time":31806,"minecraft:walk_under_water_one_cm":24491,"minecraft:boat_one_cm":495045,"minecraft:jump":2962,"minecraft:walk_on_water_one_cm":21045,"minecraft:total_world_time":283002,"minecraft:interact_with_furnace":44,"minecraft:time_since_rest":7644,"minecraft:damage_taken":8673,"minecraft:damage_dealt":7425,"minecraft:swim_one_cm":37950,"minecraft:player_kills":3,"minecraft:fly_one_cm":653323,"minecraft:open_chest":15,"minecraft:crouch_one_cm":95214,"minecraft:fall_one_cm":136820},"minecraft:used":{"minecraft:stone_sword":88,"minecraft:dried_kelp":16,"minecraft:ladder":4,"minecraft:chest":6,"minecraft:shield":7,"minecraft:iron_sword":42,"minecraft:cooked_salmon":7,"minecraft:rotten_flesh":10,"minecraft:cooked_chicken":4,"minecraft:torch":61,"minecraft:dirt":42,"minecraft:mutton":1,"minecraft:jungle_planks":12,"minecraft:dark_oak_planks":6,"minecraft:lava_bucket":258,"minecraft:iron_axe":18,"minecraft:jungle_log":4,"minecraft:bedrock":1231,"minecraft:bow":21,"minecraft:furnace":8,"minecraft:pointed_dripstone":20,"minecraft:cooked_mutton":2,"minecraft:water_bucket":3,"minecraft:diorite":1,"minecraft:stone_pickaxe":288,"minecraft:wooden_pickaxe":34,"minecraft:jungle_boat":1,"minecraft:salmon":4,"minecraft:crafting_table":11,"minecraft:white_bed":5,"minecraft:cod":4,"minecraft:lever":9,"minecraft:dark_oak_log":2,"minecraft:melon_slice":33,"minecraft:iron_pickaxe":252,"minecraft:iron_door":3,"minecraft:stone_axe":66,"minecraft:wooden_sword":20,"minecraft:cobblestone":39,"minecraft:cooked_porkchop":4,"minecraft:bucket":9},"minecraft:broken":{"minecraft:stone_pickaxe":1,"minecraft:iron_pickaxe":1},"minecraft:killed":{"minecraft:spider":2,"minecraft:cod":4,"minecraft:skeleton":5,"minecraft:chicken":7,"minecraft:pig":2,"minecraft:salmon":12,"minecraft:creeper":1,"minecraft:sheep":2,"minecraft:zombie":11,"minecraft:enderman":1},"minecraft:picked_up":{"minecraft:cocoa_beans":12,"minecraft:iron_chestplate":1,"minecraft:crafting_table":9,"minecraft:wheat":8,"minecraft:chicken":11,"minecraft:wooden_pickaxe":6,"minecraft:shield":1,"minecraft:string":1,"minecraft:iron_axe":1,"minecraft:iron_leggings":1,"minecraft:bucket":1,"minecraft:jungle_sapling":1,"minecraft:poppy":9,"minecraft:iron_pickaxe":1,"minecraft:melon_slice":52,"minecraft:sugar_cane":6,"minecraft:birch_sapling":2,"minecraft:furnace":9,"minecraft:stick":11,"minecraft:raw_iron":56,"minecraft:copper_ingot":5,"minecraft:torch":45,"minecraft:porkchop":4,"minecraft:dried_kelp":14,"minecraft:pointed_dripstone":34,"minecraft:diorite":1,"minecraft:dark_oak_planks":5,"minecraft:stone_sword":6,"minecraft:arrow":11,"minecraft:rotten_flesh":22,"minecraft:mutton":7,"minecraft:cod":4,"minecraft:cobblestone":420,"minecraft:white_wool":6,"minecraft:feather":17,"minecraft:salmon":11,"minecraft:jungle_log":45,"minecraft:filled_map":4,"minecraft:oak_log":25,"minecraft:dirt":96,"minecraft:bone":13,"minecraft:kelp":34,"minecraft:wheat_seeds":25,"minecraft:stone_pickaxe":4,"minecraft:bamboo":16,"minecraft:iron_sword":1,"minecraft:oak_planks":50,"minecraft:cooked_porkchop":1,"minecraft:dandelion":2,"minecraft:dripstone_block":26,"minecraft:lava_bucket":1,"minecraft:jungle_planks":101,"minecraft:grass_block":2,"minecraft:dark_oak_log":4,"minecraft:diamond":1,"minecraft:stone_axe":5,"minecraft:granite":1,"minecraft:bone_meal":6,"minecraft:oak_sapling":16,"minecraft:coal":552},"minecraft:dropped":{"minecraft:water_bucket":2,"minecraft:iron_ingot":34,"minecraft:porkchop":8,"minecraft:wheat_seeds":6,"minecraft:diamond":1,"minecraft:iron_helmet":1,"minecraft:cobblestone":39,"minecraft:jungle_planks":24,"minecraft:copper_ingot":1,"minecraft:coal":15,"minecraft:lava_bucket":2,"minecraft:dirt":9,"minecraft:torch":8,"minecraft:melon_slice":23,"minecraft:iron_leggings":1,"minecraft:wooden_sword":1,"minecraft:iron_pickaxe":2,"minecraft:fishing_rod":1,"minecraft:white_wool":1,"minecraft:bucket":1,"minecraft:gold_ingot":25,"minecraft:stone_axe":1,"minecraft:kelp":3,"minecraft:stone_sword":2,"minecraft:birch_sapling":1,"minecraft:wheat":2,"minecraft:oak_planks":64,"minecraft:iron_boots":1,"minecraft:white_bed":1,"minecraft:shield":1,"minecraft:iron_chestplate":1,"minecraft:bamboo":1,"minecraft:bow":1,"minecraft:stone_pickaxe":1},"minecraft:killed_by":{"minecraft:skeleton":2,"minecraft:zombie":1},"minecraft:mined":{"minecraft:dark_oak_log":4,"minecraft:jungle_leaves":13,"minecraft:granite":1,"minecraft:grass_block":20,"minecraft:jungle_planks":2,"minecraft:jungle_log":40,"minecraft:furnace":5,"minecraft:iron_ore":56,"minecraft:fire":8,"minecraft:pointed_dripstone":17,"minecraft:vine":16,"minecraft:bamboo":1,"minecraft:stone":231,"minecraft:kelp_plant":4,"minecraft:dandelion":1,"minecraft:crafting_table":5,"minecraft:torch":1,"minecraft:poppy":3,"minecraft:melon":10,"minecraft:cobblestone":9,"minecraft:tall_grass":4,"minecraft:sugar_cane":1,"minecraft:diorite":1,"minecraft:wall_torch":1,"minecraft:birch_planks":4,"minecraft:birch_leaves":1,"minecraft:grass":97,"minecraft:oak_log":25,"minecraft:coal_ore":235,"minecraft:cocoa":3,"minecraft:dripstone_block":11,"minecraft:dirt":13,"minecraft:oak_leaves":17,"minecraft:fern":23}},"DataVersion":3105}