{"stats":{"minecraft:crafted":{"minecraft:wooden_sword":1,"minecraft:crafting_table":2,"minecraft:stick":8,"minecraft:wooden_pickaxe":1,"minecraft:stone_pickaxe":1,"minecraft:jungle_planks":28},"minecraft:used":{"minecraft:melon_slice":24,"minecraft:stone_pickaxe":39,"minecraft:wooden_pickaxe":3,"minecraft:rotten_flesh":1,"minecraft:wooden_sword":10,"minecraft:dirt":14,"minecraft:crafting_table":2,"minecraft:jungle_planks":4},"minecraft:custom":{"minecraft:time_since_rest":48191,"minecraft:sprint_one_cm":36439,"minecraft:damage_taken":492,"minecraft:walk_one_cm":27930,"minecraft:mob_kills":2,"minecraft:drop":24,"minecraft:damage_dealt":495,"minecraft:interact_with_crafting_table":4,"minecraft:fly_one_cm":54933,"minecraft:player_kills":1,"minecraft:crouch_one_cm":10982,"minecraft:play_time":48191,"minecraft:sneak_time":3579,"minecraft:walk_under_water_one_cm":120,"minecraft:jump":404,"minecraft:leave_game":3,"minecraft:walk_on_water_one_cm":1680,"minecraft:time_since_death":48191,"minecraft:climb_one_cm":1798,"minecraft:total_world_time":48191,"minecraft:fall_one_cm":8770},"minecraft:killed":{"minecraft:skeleton":1,"minecraft:zombie":1},"minecraft:picked_up":{"minecraft:cocoa_beans":6,"minecraft:jungle_log":8,"minecraft:jungle_planks":1,"minecraft:diorite":1,"minecraft:dirt":14,"minecraft:rotten_flesh":2,"minecraft:arrow":1,"minecraft:bone":1,"minecraft:wheat_seeds":4,"minecraft:jungle_sapling":1,"minecraft:melon_slice":49,"minecraft:coal":3,"minecraft:cobblestone":38},"minecraft:dropped":{"minecraft:wheat_seeds":2,"minecraft:melon_slice":13,"minecraft:wooden_sword":1,"minecraft:jungle_planks":8},"minecraft:mined":{"minecraft:jungle_leaves":8,"minecraft:coal_ore":3,"minecraft:grass":32,"minecraft:grass_block":8,"minecraft:vine":5,"minecraft:cocoa":3,"minecraft:melon":9,"minecraft:jungle_planks":1,"minecraft:jungle_log":7,"minecraft:dirt":6,"minecraft:stone":38,"minecraft:diorite":1,"minecraft:oak_leaves":6,"minecraft:fern":11}},"DataVersion":3105}