{"stats":{"minecraft:crafted":{"minecraft:jungle_planks":20},"minecraft:used":{"minecraft:dirt":6,"minecraft:jungle_planks":4,"minecraft:melon_slice":6},"minecraft:custom":{"minecraft:time_since_rest":12191,"minecraft:crouch_one_cm":3641,"minecraft:sprint_one_cm":11443,"minecraft:play_time":12191,"minecraft:damage_taken":160,"minecraft:walk_one_cm":6046,"minecraft:sneak_time":1680,"minecraft:drop":2,"minecraft:jump":140,"minecraft:damage_dealt":26,"minecraft:leave_game":3,"minecraft:time_since_death":12191,"minecraft:total_world_time":12191,"minecraft:climb_one_cm":263,"minecraft:fall_one_cm":2415,"minecraft:fly_one_cm":19642},"minecraft:picked_up":{"minecraft:cocoa_beans":3,"minecraft:bone":1,"minecraft:jungle_log":6,"minecraft:wheat_seeds":3,"minecraft:jungle_sapling":1,"minecraft:melon_slice":14,"minecraft:dirt":6},"minecraft:dropped":{"minecraft:wheat_seeds":2},"minecraft:mined":{"minecraft:grass":17,"minecraft:grass_block":3,"minecraft:melon":4,"minecraft:cocoa":2,"minecraft:vine":1,"minecraft:jungle_log":5,"minecraft:dirt":3,"minecraft:jungle_leaves":7,"minecraft:oak_leaves":4,"minecraft:fern":7}},"DataVersion":3105}