{"stats":{"minecraft:crafted":{"minecraft:wooden_sword":2,"minecraft:oak_planks":100,"minecraft:cooked_chicken":3,"minecraft:furnace":3,"minecraft:cooked_mutton":2,"minecraft:iron_axe":1,"minecraft:stone_pickaxe":4,"minecraft:dark_oak_planks":8,"minecraft:cooked_porkchop":4,"minecraft:crafting_table":7,"minecraft:jungle_boat":1,"minecraft:dried_kelp":16,"minecraft:wooden_pickaxe":3,"minecraft:iron_sword":1,"minecraft:cooked_salmon":7,"minecraft:stone_axe":3,"minecraft:air":0,"minecraft:jungle_planks":120,"minecraft:iron_chestplate":1,"minecraft:shield":1,"minecraft:stick":47,"minecraft:iron_ingot":30,"minecraft:iron_pickaxe":1,"minecraft:stone_sword":3,"minecraft:torch":84},"minecraft:custom":{"minecraft:mob_kills":43,"minecraft:interact_with_crafting_table":33,"minecraft:leave_game":10,"minecraft:time_since_death":32056,"minecraft:climb_one_cm":20429,"minecraft:sprint_one_cm":266904,"minecraft:walk_one_cm":219208,"minecraft:damage_blocked_by_shield":50,"minecraft:drop":56,"minecraft:play_time":271009,"minecraft:deaths":10,"minecraft:sneak_time":28200,"minecraft:walk_under_water_one_cm":24193,"minecraft:boat_one_cm":495045,"minecraft:jump":2711,"minecraft:walk_on_water_one_cm":17338,"minecraft:total_world_time":271009,"minecraft:interact_with_furnace":39,"minecraft:time_since_rest":32076,"minecraft:damage_taken":8050,"minecraft:damage_dealt":6685,"minecraft:swim_one_cm":37629,"minecraft:player_kills":3,"minecraft:fly_one_cm":578798,"minecraft:open_chest":15,"minecraft:crouch_one_cm":84434,"minecraft:fall_one_cm":128206},"minecraft:used":{"minecraft:stone_sword":88,"minecraft:dried_kelp":16,"minecraft:ladder":4,"minecraft:chest":6,"minecraft:shield":2,"minecraft:iron_sword":25,"minecraft:cooked_salmon":7,"minecraft:rotten_flesh":8,"minecraft:cooked_chicken":2,"minecraft:torch":41,"minecraft:dirt":42,"minecraft:mutton":1,"minecraft:jungle_planks":12,"minecraft:dark_oak_planks":6,"minecraft:lava_bucket":258,"minecraft:iron_axe":18,"minecraft:jungle_log":4,"minecraft:bedrock":1231,"minecraft:bow":21,"minecraft:furnace":7,"minecraft:pointed_dripstone":20,"minecraft:cooked_mutton":2,"minecraft:water_bucket":3,"minecraft:diorite":1,"minecraft:stone_pickaxe":288,"minecraft:wooden_pickaxe":34,"minecraft:jungle_boat":1,"minecraft:salmon":4,"minecraft:crafting_table":11,"minecraft:white_bed":5,"minecraft:cod":4,"minecraft:lever":9,"minecraft:dark_oak_log":2,"minecraft:melon_slice":33,"minecraft:iron_pickaxe":137,"minecraft:iron_door":3,"minecraft:stone_axe":66,"minecraft:wooden_sword":20,"minecraft:cobblestone":32,"minecraft:cooked_porkchop":2,"minecraft:bucket":9},"minecraft:broken":{"minecraft:stone_pickaxe":1},"minecraft:killed":{"minecraft:spider":1,"minecraft:cod":4,"minecraft:skeleton":4,"minecraft:chicken":3,"minecraft:pig":2,"minecraft:salmon":12,"minecraft:creeper":1,"minecraft:sheep":2,"minecraft:zombie":11,"minecraft:enderman":1},"minecraft:picked_up":{"minecraft:cocoa_beans":12,"minecraft:crafting_table":8,"minecraft:wheat":6,"minecraft:chicken":3,"minecraft:wooden_pickaxe":5,"minecraft:bucket":1,"minecraft:jungle_sapling":1,"minecraft:poppy":9,"minecraft:melon_slice":52,"minecraft:sugar_cane":3,"minecraft:furnace":8,"minecraft:stick":11,"minecraft:raw_iron":37,"minecraft:copper_ingot":4,"minecraft:torch":2,"minecraft:porkchop":4,"minecraft:dried_kelp":14,"minecraft:pointed_dripstone":34,"minecraft:diorite":1,"minecraft:dark_oak_planks":5,"minecraft:stone_sword":5,"minecraft:arrow":5,"minecraft:rotten_flesh":17,"minecraft:mutton":7,"minecraft:cod":4,"minecraft:cobblestone":289,"minecraft:white_wool":5,"minecraft:feather":5,"minecraft:salmon":11,"minecraft:jungle_log":45,"minecraft:filled_map":3,"minecraft:oak_log":25,"minecraft:dirt":84,"minecraft:bone":6,"minecraft:kelp":31,"minecraft:wheat_seeds":21,"minecraft:stone_pickaxe":4,"minecraft:bamboo":15,"minecraft:dandelion":2,"minecraft:dripstone_block":8,"minecraft:lava_bucket":1,"minecraft:jungle_planks":101,"minecraft:grass_block":1,"minecraft:dark_oak_log":4,"minecraft:diamond":1,"minecraft:stone_axe":4,"minecraft:granite":1,"minecraft:bone_meal":4,"minecraft:oak_sapling":16,"minecraft:coal":368},"minecraft:dropped":{"minecraft:water_bucket":2,"minecraft:iron_ingot":34,"minecraft:porkchop":8,"minecraft:wheat_seeds":2,"minecraft:diamond":1,"minecraft:iron_helmet":1,"minecraft:cobblestone":39,"minecraft:jungle_planks":24,"minecraft:coal":15,"minecraft:lava_bucket":2,"minecraft:torch":8,"minecraft:melon_slice":23,"minecraft:iron_leggings":1,"minecraft:wooden_sword":1,"minecraft:iron_pickaxe":2,"minecraft:fishing_rod":1,"minecraft:bucket":1,"minecraft:gold_ingot":25,"minecraft:stone_axe":1,"minecraft:stone_sword":2,"minecraft:oak_planks":64,"minecraft:iron_boots":1,"minecraft:white_bed":1,"minecraft:shield":1,"minecraft:iron_chestplate":1,"minecraft:bow":1,"minecraft:stone_pickaxe":1},"minecraft:killed_by":{"minecraft:skeleton":2,"minecraft:zombie":1},"minecraft:mined":{"minecraft:dark_oak_log":4,"minecraft:jungle_leaves":13,"minecraft:granite":1,"minecraft:grass_block":20,"minecraft:jungle_planks":2,"minecraft:jungle_log":40,"minecraft:furnace":5,"minecraft:iron_ore":37,"minecraft:fire":8,"minecraft:pointed_dripstone":16,"minecraft:vine":16,"minecraft:bamboo":1,"minecraft:stone":200,"minecraft:kelp_plant":4,"minecraft:dandelion":1,"minecraft:crafting_table":5,"minecraft:torch":1,"minecraft:poppy":3,"minecraft:melon":10,"minecraft:cobblestone":9,"minecraft:tall_grass":4,"minecraft:sugar_cane":1,"minecraft:diorite":1,"minecraft:wall_torch":1,"minecraft:birch_planks":4,"minecraft:grass":97,"minecraft:oak_log":25,"minecraft:coal_ore":174,"minecraft:cocoa":3,"minecraft:dripstone_block":8,"minecraft:dirt":13,"minecraft:oak_leaves":16,"minecraft:fern":23}},"DataVersion":3105}