{"stats":{"minecraft:crafted":{"minecraft:wooden_sword":2,"minecraft:oak_planks":100,"minecraft:cooked_chicken":9,"minecraft:furnace":3,"minecraft:cooked_mutton":6,"minecraft:iron_boots":1,"minecraft:iron_axe":1,"minecraft:stone_pickaxe":4,"minecraft:dark_oak_planks":8,"minecraft:cooked_porkchop":4,"minecraft:crafting_table":8,"minecraft:jungle_boat":1,"minecraft:dried_kelp":16,"minecraft:wooden_pickaxe":3,"minecraft:iron_helmet":1,"minecraft:iron_sword":1,"minecraft:cooked_salmon":7,"minecraft:bucket":1,"minecraft:stone_axe":3,"minecraft:air":0,"minecraft:jungle_planks":120,"minecraft:iron_chestplate":1,"minecraft:shield":1,"minecraft:stick":71,"minecraft:iron_ingot":49,"minecraft:iron_pickaxe":2,"minecraft:stone_sword":3,"minecraft:white_bed":1,"minecraft:torch":84,"minecraft:shears":1},"minecraft:custom":{"minecraft:mob_kills":78,"minecraft:interact_with_crafting_table":37,"minecraft:leave_game":11,"minecraft:time_since_death":45268,"minecraft:climb_one_cm":20429,"minecraft:sprint_one_cm":425491,"minecraft:walk_one_cm":288190,"minecraft:damage_blocked_by_shield":825,"minecraft:drop":77,"minecraft:play_time":320646,"minecraft:deaths":11,"minecraft:sneak_time":38700,"minecraft:walk_under_water_one_cm":26205,"minecraft:boat_one_cm":495045,"minecraft:jump":3648,"minecraft:walk_on_water_one_cm":25004,"minecraft:total_world_time":320646,"minecraft:interact_with_furnace":62,"minecraft:sleep_in_bed":1,"minecraft:time_since_rest":11963,"minecraft:damage_taken":9449,"minecraft:damage_dealt":11723,"minecraft:swim_one_cm":45312,"minecraft:player_kills":3,"minecraft:fly_one_cm":743759,"minecraft:open_chest":15,"minecraft:crouch_one_cm":116879,"minecraft:fall_one_cm":156681},"minecraft:used":{"minecraft:stone_sword":88,"minecraft:dried_kelp":16,"minecraft:ladder":4,"minecraft:chest":6,"minecraft:shield":15,"minecraft:iron_sword":137,"minecraft:cooked_salmon":7,"minecraft:rotten_flesh":19,"minecraft:cooked_chicken":8,"minecraft:torch":75,"minecraft:dirt":43,"minecraft:mutton":2,"minecraft:jungle_planks":12,"minecraft:dark_oak_planks":6,"minecraft:lava_bucket":258,"minecraft:iron_axe":19,"minecraft:jungle_log":4,"minecraft:bedrock":1231,"minecraft:bow":21,"minecraft:furnace":10,"minecraft:pointed_dripstone":20,"minecraft:cooked_mutton":6,"minecraft:water_bucket":9,"minecraft:diorite":1,"minecraft:stone_pickaxe":288,"minecraft:wooden_pickaxe":34,"minecraft:jungle_boat":1,"minecraft:glow_berries":6,"minecraft:salmon":4,"minecraft:crafting_table":14,"minecraft:white_bed":6,"minecraft:cod":4,"minecraft:lever":9,"minecraft:dark_oak_log":2,"minecraft:melon_slice":33,"minecraft:iron_pickaxe":464,"minecraft:iron_door":3,"minecraft:stone_axe":66,"minecraft:wooden_sword":20,"minecraft:cobblestone":131,"minecraft:cooked_porkchop":4,"minecraft:bucket":16},"minecraft:broken":{"minecraft:stone_pickaxe":1,"minecraft:iron_pickaxe":1},"minecraft:killed":{"minecraft:spider":5,"minecraft:cod":4,"minecraft:skeleton":10,"minecraft:bee":2,"minecraft:chicken":9,"minecraft:pig":4,"minecraft:salmon":12,"minecraft:creeper":1,"minecraft:sheep":7,"minecraft:zombie":19,"minecraft:cow":1,"minecraft:enderman":1},"minecraft:picked_up":{"minecraft:cocoa_beans":12,"minecraft:iron_chestplate":1,"minecraft:crafting_table":10,"minecraft:wheat":8,"minecraft:chicken":13,"minecraft:wooden_pickaxe":6,"minecraft:shield":1,"minecraft:string":4,"minecraft:iron_axe":1,"minecraft:iron_leggings":1,"minecraft:bucket":1,"minecraft:jungle_sapling":1,"minecraft:poppy":9,"minecraft:iron_pickaxe":1,"minecraft:melon_slice":52,"minecraft:sugar_cane":6,"minecraft:birch_sapling":2,"minecraft:furnace":12,"minecraft:stick":11,"minecraft:raw_iron":156,"minecraft:copper_ingot":5,"minecraft:torch":45,"minecraft:porkchop":6,"minecraft:dried_kelp":14,"minecraft:pointed_dripstone":34,"minecraft:diorite":1,"minecraft:dark_oak_planks":5,"minecraft:stone_sword":6,"minecraft:arrow":15,"minecraft:rotten_flesh":28,"minecraft:mutton":16,"minecraft:cod":4,"minecraft:cobblestone":487,"minecraft:white_wool":16,"minecraft:feather":20,"minecraft:andesite":7,"minecraft:salmon":11,"minecraft:jungle_log":45,"minecraft:leather":1,"minecraft:filled_map":4,"minecraft:oak_log":25,"minecraft:lapis_lazuli":9,"minecraft:dirt":101,"minecraft:bone":17,"minecraft:kelp":34,"minecraft:wheat_seeds":26,"minecraft:raw_gold":3,"minecraft:stone_pickaxe":4,"minecraft:bamboo":16,"minecraft:iron_sword":2,"minecraft:oak_planks":52,"minecraft:smooth_basalt":2,"minecraft:cooked_porkchop":1,"minecraft:dandelion":2,"minecraft:dripstone_block":28,"minecraft:lava_bucket":1,"minecraft:jungle_planks":101,"minecraft:white_bed":1,"minecraft:grass_block":2,"minecraft:spider_eye":2,"minecraft:dark_oak_log":4,"minecraft:diamond":1,"minecraft:stone_axe":5,"minecraft:granite":5,"minecraft:bone_meal":6,"minecraft:oak_sapling":16,"minecraft:coal":709},"minecraft:dropped":{"minecraft:water_bucket":2,"minecraft:iron_ingot":34,"minecraft:iron_sword":1,"minecraft:porkchop":8,"minecraft:wheat_seeds":7,"minecraft:diamond":1,"minecraft:dripstone_block":11,"minecraft:iron_helmet":1,"minecraft:cobblestone":39,"minecraft:granite":4,"minecraft:jungle_planks":24,"minecraft:copper_ingot":1,"minecraft:coal":15,"minecraft:lava_bucket":2,"minecraft:dirt":9,"minecraft:torch":8,"minecraft:melon_slice":23,"minecraft:iron_leggings":1,"minecraft:bone_meal":2,"minecraft:wooden_sword":1,"minecraft:iron_pickaxe":2,"minecraft:string":2,"minecraft:fishing_rod":1,"minecraft:white_wool":1,"minecraft:bucket":1,"minecraft:smooth_basalt":2,"minecraft:gold_ingot":25,"minecraft:stone_axe":2,"minecraft:kelp":3,"minecraft:stone_sword":3,"minecraft:birch_sapling":1,"minecraft:wheat":2,"minecraft:oak_planks":64,"minecraft:iron_boots":1,"minecraft:white_bed":1,"minecraft:shield":1,"minecraft:iron_chestplate":1,"minecraft:andesite":7,"minecraft:spider_eye":2,"minecraft:bamboo":1,"minecraft:bow":1,"minecraft:wooden_pickaxe":1,"minecraft:stone_pickaxe":1},"minecraft:killed_by":{"minecraft:skeleton":2,"minecraft:zombie":1},"minecraft:mined":{"minecraft:white_bed":1,"minecraft:dark_oak_log":4,"minecraft:jungle_leaves":13,"minecraft:granite":2,"minecraft:grass_block":27,"minecraft:jungle_planks":2,"minecraft:jungle_log":40,"minecraft:furnace":8,"minecraft:iron_ore":154,"minecraft:fire":8,"minecraft:andesite":7,"minecraft:azure_bluet":1,"minecraft:pointed_dripstone":21,"minecraft:cave_vines":3,"minecraft:vine":16,"minecraft:bamboo":1,"minecraft:stone":290,"minecraft:kelp_plant":4,"minecraft:dandelion":1,"minecraft:crafting_table":6,"minecraft:torch":1,"minecraft:poppy":3,"minecraft:melon":10,"minecraft:cobblestone":17,"minecraft:tall_grass":4,"minecraft:lapis_ore":2,"minecraft:sugar_cane":1,"minecraft:diorite":2,"minecraft:wall_torch":1,"minecraft:birch_planks":4,"minecraft:birch_leaves":2,"minecraft:grass":103,"minecraft:oak_log":25,"minecraft:coal_ore":255,"minecraft:cocoa":3,"minecraft:dripstone_block":12,"minecraft:dirt":18,"minecraft:smooth_basalt":2,"minecraft:gold_ore":3,"minecraft:oak_leaves":18,"minecraft:fern":23}},"DataVersion":3105}