{"stats":{"minecraft:used":{"minecraft:diorite":1,"minecraft:stone_sword":8,"minecraft:stone_pickaxe":125,"minecraft:wooden_pickaxe":24,"minecraft:rotten_flesh":6,"minecraft:torch":6,"minecraft:dirt":18,"minecraft:crafting_table":7,"minecraft:jungle_planks":4,"minecraft:melon_slice":30,"minecraft:stone_axe":42,"minecraft:wooden_sword":17,"minecraft:cobblestone":28,"minecraft:furnace":1,"minecraft:pointed_dripstone":20},"minecraft:picked_up":{"minecraft:cocoa_beans":9,"minecraft:crafting_table":2,"minecraft:feather":5,"minecraft:chicken":3,"minecraft:jungle_log":31,"minecraft:wooden_pickaxe":1,"minecraft:oak_log":10,"minecraft:dirt":19,"minecraft:bone":1,"minecraft:wheat_seeds":11,"minecraft:stone_pickaxe":1,"minecraft:jungle_sapling":1,"minecraft:poppy":6,"minecraft:melon_slice":52,"minecraft:stick":7,"minecraft:raw_iron":7,"minecraft:dandelion":2,"minecraft:dripstone_block":8,"minecraft:jungle_planks":26,"minecraft:pointed_dripstone":34,"minecraft:diorite":1,"minecraft:stone_sword":1,"minecraft:rotten_flesh":7,"minecraft:arrow":1,"minecraft:granite":1,"minecraft:oak_sapling":8,"minecraft:coal":20,"minecraft:cobblestone":96},"minecraft:killed_by":{"minecraft:skeleton":2},"minecraft:mined":{"minecraft:jungle_leaves":11,"minecraft:dandelion":1,"minecraft:crafting_table":2,"minecraft:granite":1,"minecraft:grass_block":12,"minecraft:poppy":3,"minecraft:melon":10,"minecraft:jungle_planks":1,"minecraft:jungle_log":30,"minecraft:cobblestone":5,"minecraft:diorite":1,"minecraft:iron_ore":7,"minecraft:grass":74,"minecraft:oak_log":10,"minecraft:pointed_dripstone":16,"minecraft:coal_ore":20,"minecraft:cocoa":3,"minecraft:vine":8,"minecraft:dripstone_block":8,"minecraft:dirt":8,"minecraft:stone":92,"minecraft:oak_leaves":12,"minecraft:fern":16},"minecraft:dropped":{"minecraft:wheat_seeds":2,"minecraft:stone_sword":1,"minecraft:cobblestone":6,"minecraft:jungle_planks":24,"minecraft:melon_slice":13,"minecraft:wooden_sword":1,"minecraft:stone_pickaxe":1},"minecraft:killed":{"minecraft:creeper":1,"minecraft:skeleton":1,"minecraft:zombie":5,"minecraft:chicken":3},"minecraft:custom":{"minecraft:interact_with_furnace":1,"minecraft:mob_kills":10,"minecraft:interact_with_crafting_table":12,"minecraft:leave_game":5,"minecraft:time_since_death":11606,"minecraft:climb_one_cm":5665,"minecraft:time_since_rest":11626,"minecraft:sprint_one_cm":93711,"minecraft:damage_taken":1488,"minecraft:walk_one_cm":77924,"minecraft:drop":28,"minecraft:damage_dealt":1842,"minecraft:swim_one_cm":1773,"minecraft:fly_one_cm":140991,"minecraft:player_kills":2,"minecraft:crouch_one_cm":37959,"minecraft:play_time":106528,"minecraft:deaths":3,"minecraft:sneak_time":12808,"minecraft:walk_under_water_one_cm":204,"minecraft:jump":1091,"minecraft:walk_on_water_one_cm":2302,"minecraft:total_world_time":106528,"minecraft:fall_one_cm":35614},"minecraft:crafted":{"minecraft:wooden_sword":2,"minecraft:oak_planks":40,"minecraft:crafting_table":6,"minecraft:wooden_pickaxe":2,"minecraft:furnace":1,"minecraft:stone_axe":2,"minecraft:jungle_planks":96,"minecraft:stick":16,"minecraft:stone_pickaxe":3,"minecraft:stone_sword":2,"minecraft:torch":8}},"DataVersion":3105}