{"stats":{"minecraft:used":{"minecraft:water_bucket":1,"minecraft:diorite":1,"minecraft:stone_sword":19,"minecraft:stone_pickaxe":156,"minecraft:wooden_pickaxe":26,"minecraft:cooked_chicken":2,"minecraft:rotten_flesh":6,"minecraft:salmon":4,"minecraft:torch":6,"minecraft:dirt":19,"minecraft:mutton":1,"minecraft:crafting_table":8,"minecraft:jungle_planks":12,"minecraft:dark_oak_planks":3,"minecraft:lava_bucket":254,"minecraft:dark_oak_log":2,"minecraft:melon_slice":33,"minecraft:jungle_log":1,"minecraft:wooden_sword":20,"minecraft:stone_axe":57,"minecraft:cobblestone":30,"minecraft:furnace":2,"minecraft:bucket":4,"minecraft:pointed_dripstone":20},"minecraft:picked_up":{"minecraft:cocoa_beans":12,"minecraft:crafting_table":2,"minecraft:feather":5,"minecraft:chicken":3,"minecraft:jungle_log":39,"minecraft:salmon":4,"minecraft:wooden_pickaxe":2,"minecraft:oak_log":11,"minecraft:dirt":21,"minecraft:bone":1,"minecraft:wheat_seeds":14,"minecraft:bucket":1,"minecraft:stone_pickaxe":1,"minecraft:jungle_sapling":1,"minecraft:poppy":9,"minecraft:melon_slice":52,"minecraft:stick":8,"minecraft:raw_iron":7,"minecraft:dandelion":2,"minecraft:dripstone_block":8,"minecraft:lava_bucket":1,"minecraft:jungle_planks":77,"minecraft:pointed_dripstone":34,"minecraft:diorite":1,"minecraft:dark_oak_log":4,"minecraft:dark_oak_planks":5,"minecraft:stone_sword":2,"minecraft:arrow":1,"minecraft:rotten_flesh":7,"minecraft:diamond":1,"minecraft:stone_axe":1,"minecraft:granite":1,"minecraft:bone_meal":2,"minecraft:oak_sapling":16,"minecraft:mutton":1,"minecraft:white_wool":2,"minecraft:coal":35,"minecraft:cobblestone":106},"minecraft:killed_by":{"minecraft:skeleton":2},"minecraft:mined":{"minecraft:jungle_leaves":11,"minecraft:dark_oak_log":4,"minecraft:dandelion":1,"minecraft:crafting_table":2,"minecraft:granite":1,"minecraft:grass_block":12,"minecraft:melon":10,"minecraft:poppy":3,"minecraft:jungle_planks":2,"minecraft:jungle_log":31,"minecraft:cobblestone":9,"minecraft:diorite":1,"minecraft:birch_planks":3,"minecraft:iron_ore":7,"minecraft:fire":8,"minecraft:grass":78,"minecraft:vine":9,"minecraft:coal_ore":35,"minecraft:pointed_dripstone":16,"minecraft:oak_log":11,"minecraft:cocoa":3,"minecraft:dripstone_block":8,"minecraft:dirt":8,"minecraft:stone":104,"minecraft:oak_leaves":12,"minecraft:fern":19},"minecraft:dropped":{"minecraft:water_bucket":1,"minecraft:wheat_seeds":2,"minecraft:stone_sword":1,"minecraft:diamond":1,"minecraft:cobblestone":6,"minecraft:jungle_planks":24,"minecraft:lava_bucket":1,"minecraft:melon_slice":13,"minecraft:wooden_sword":1,"minecraft:stone_pickaxe":1},"minecraft:killed":{"minecraft:salmon":4,"minecraft:creeper":1,"minecraft:sheep":1,"minecraft:skeleton":1,"minecraft:zombie":5,"minecraft:chicken":3},"minecraft:custom":{"minecraft:interact_with_furnace":3,"minecraft:mob_kills":15,"minecraft:interact_with_crafting_table":14,"minecraft:leave_game":7,"minecraft:time_since_death":970,"minecraft:climb_one_cm":6005,"minecraft:time_since_rest":990,"minecraft:sprint_one_cm":103894,"minecraft:damage_taken":1791,"minecraft:walk_one_cm":104523,"minecraft:drop":31,"minecraft:damage_dealt":2595,"minecraft:swim_one_cm":6805,"minecraft:fly_one_cm":161315,"minecraft:player_kills":3,"minecraft:crouch_one_cm":45995,"minecraft:play_time":146724,"minecraft:deaths":4,"minecraft:sneak_time":15352,"minecraft:walk_under_water_one_cm":3948,"minecraft:jump":1252,"minecraft:walk_on_water_one_cm":5557,"minecraft:total_world_time":146724,"minecraft:fall_one_cm":38660},"minecraft:crafted":{"minecraft:wooden_sword":2,"minecraft:oak_planks":44,"minecraft:crafting_table":6,"minecraft:wooden_pickaxe":2,"minecraft:cooked_chicken":3,"minecraft:furnace":2,"minecraft:stone_axe":2,"minecraft:air":0,"minecraft:jungle_planks":96,"minecraft:stick":16,"minecraft:stone_pickaxe":3,"minecraft:stone_sword":2,"minecraft:dark_oak_planks":8,"minecraft:torch":8}},"DataVersion":3105}