{"stats":{"minecraft:used":{"minecraft:diorite":1,"minecraft:stone_sword":19,"minecraft:stone_pickaxe":142,"minecraft:wooden_pickaxe":24,"minecraft:rotten_flesh":6,"minecraft:salmon":4,"minecraft:torch":6,"minecraft:dirt":18,"minecraft:crafting_table":7,"minecraft:jungle_planks":4,"minecraft:melon_slice":33,"minecraft:wooden_sword":17,"minecraft:stone_axe":47,"minecraft:cobblestone":29,"minecraft:furnace":1,"minecraft:pointed_dripstone":20},"minecraft:picked_up":{"minecraft:cocoa_beans":9,"minecraft:crafting_table":2,"minecraft:feather":5,"minecraft:chicken":3,"minecraft:salmon":4,"minecraft:jungle_log":32,"minecraft:wooden_pickaxe":1,"minecraft:oak_log":11,"minecraft:dirt":19,"minecraft:bone":1,"minecraft:wheat_seeds":11,"minecraft:stone_pickaxe":1,"minecraft:jungle_sapling":1,"minecraft:poppy":6,"minecraft:melon_slice":52,"minecraft:stick":7,"minecraft:raw_iron":7,"minecraft:dandelion":2,"minecraft:dripstone_block":8,"minecraft:jungle_planks":26,"minecraft:pointed_dripstone":34,"minecraft:diorite":1,"minecraft:stone_sword":1,"minecraft:arrow":1,"minecraft:rotten_flesh":7,"minecraft:granite":1,"minecraft:bone_meal":1,"minecraft:oak_sapling":8,"minecraft:coal":35,"minecraft:cobblestone":98},"minecraft:killed_by":{"minecraft:skeleton":2},"minecraft:mined":{"minecraft:jungle_leaves":11,"minecraft:dandelion":1,"minecraft:crafting_table":2,"minecraft:granite":1,"minecraft:grass_block":12,"minecraft:melon":10,"minecraft:poppy":3,"minecraft:jungle_planks":1,"minecraft:jungle_log":31,"minecraft:cobblestone":5,"minecraft:diorite":1,"minecraft:iron_ore":7,"minecraft:grass":78,"minecraft:vine":9,"minecraft:coal_ore":35,"minecraft:pointed_dripstone":16,"minecraft:oak_log":11,"minecraft:cocoa":3,"minecraft:dripstone_block":8,"minecraft:dirt":8,"minecraft:stone":94,"minecraft:oak_leaves":12,"minecraft:fern":19},"minecraft:dropped":{"minecraft:wheat_seeds":2,"minecraft:stone_sword":1,"minecraft:cobblestone":6,"minecraft:jungle_planks":24,"minecraft:melon_slice":13,"minecraft:wooden_sword":1,"minecraft:stone_pickaxe":1},"minecraft:killed":{"minecraft:salmon":4,"minecraft:creeper":1,"minecraft:skeleton":1,"minecraft:zombie":5,"minecraft:chicken":3},"minecraft:custom":{"minecraft:interact_with_furnace":1,"minecraft:mob_kills":14,"minecraft:interact_with_crafting_table":12,"minecraft:leave_game":5,"minecraft:time_since_death":17606,"minecraft:climb_one_cm":6005,"minecraft:time_since_rest":17626,"minecraft:sprint_one_cm":98120,"minecraft:damage_taken":1591,"minecraft:walk_one_cm":84190,"minecraft:drop":28,"minecraft:damage_dealt":2375,"minecraft:swim_one_cm":6805,"minecraft:fly_one_cm":148435,"minecraft:player_kills":3,"minecraft:crouch_one_cm":40243,"minecraft:play_time":112528,"minecraft:deaths":3,"minecraft:sneak_time":13468,"minecraft:walk_under_water_one_cm":3948,"minecraft:jump":1147,"minecraft:walk_on_water_one_cm":5557,"minecraft:total_world_time":112528,"minecraft:fall_one_cm":36241},"minecraft:crafted":{"minecraft:wooden_sword":2,"minecraft:oak_planks":40,"minecraft:crafting_table":6,"minecraft:wooden_pickaxe":2,"minecraft:furnace":1,"minecraft:stone_axe":2,"minecraft:jungle_planks":96,"minecraft:stick":16,"minecraft:stone_pickaxe":3,"minecraft:stone_sword":2,"minecraft:torch":8}},"DataVersion":3105}