{"stats":{"minecraft:used":{"minecraft:water_bucket":1,"minecraft:diorite":1,"minecraft:stone_sword":22,"minecraft:stone_pickaxe":226,"minecraft:wooden_pickaxe":32,"minecraft:cooked_chicken":2,"minecraft:rotten_flesh":6,"minecraft:salmon":4,"minecraft:torch":6,"minecraft:dirt":19,"minecraft:mutton":1,"minecraft:crafting_table":8,"minecraft:jungle_planks":12,"minecraft:dark_oak_planks":6,"minecraft:lava_bucket":258,"minecraft:dark_oak_log":2,"minecraft:melon_slice":33,"minecraft:jungle_log":4,"minecraft:bedrock":45,"minecraft:wooden_sword":20,"minecraft:stone_axe":61,"minecraft:cobblestone":30,"minecraft:furnace":2,"minecraft:bucket":9,"minecraft:pointed_dripstone":20},"minecraft:picked_up":{"minecraft:cocoa_beans":12,"minecraft:crafting_table":2,"minecraft:feather":5,"minecraft:chicken":3,"minecraft:salmon":4,"minecraft:jungle_log":45,"minecraft:wooden_pickaxe":2,"minecraft:oak_log":11,"minecraft:dirt":33,"minecraft:bone":1,"minecraft:wheat_seeds":14,"minecraft:bucket":1,"minecraft:stone_pickaxe":1,"minecraft:jungle_sapling":1,"minecraft:poppy":9,"minecraft:melon_slice":52,"minecraft:stick":8,"minecraft:raw_iron":7,"minecraft:dandelion":2,"minecraft:dripstone_block":8,"minecraft:lava_bucket":1,"minecraft:jungle_planks":77,"minecraft:pointed_dripstone":34,"minecraft:diorite":1,"minecraft:dark_oak_log":4,"minecraft:dark_oak_planks":5,"minecraft:stone_sword":2,"minecraft:arrow":1,"minecraft:rotten_flesh":10,"minecraft:diamond":1,"minecraft:stone_axe":1,"minecraft:granite":1,"minecraft:bone_meal":2,"minecraft:oak_sapling":16,"minecraft:mutton":1,"minecraft:coal":62,"minecraft:white_wool":2,"minecraft:cobblestone":152},"minecraft:killed_by":{"minecraft:skeleton":2},"minecraft:mined":{"minecraft:jungle_leaves":13,"minecraft:dark_oak_log":4,"minecraft:dandelion":1,"minecraft:crafting_table":2,"minecraft:granite":1,"minecraft:grass_block":12,"minecraft:melon":10,"minecraft:poppy":3,"minecraft:jungle_planks":2,"minecraft:jungle_log":40,"minecraft:tall_grass":2,"minecraft:cobblestone":9,"minecraft:diorite":1,"minecraft:birch_planks":4,"minecraft:iron_ore":7,"minecraft:fire":8,"minecraft:grass":80,"minecraft:vine":9,"minecraft:coal_ore":62,"minecraft:pointed_dripstone":16,"minecraft:oak_log":11,"minecraft:cocoa":3,"minecraft:dripstone_block":8,"minecraft:dirt":9,"minecraft:stone":150,"minecraft:oak_leaves":14,"minecraft:fern":20},"minecraft:dropped":{"minecraft:water_bucket":1,"minecraft:wheat_seeds":2,"minecraft:stone_sword":1,"minecraft:diamond":1,"minecraft:cobblestone":6,"minecraft:jungle_planks":24,"minecraft:lava_bucket":2,"minecraft:melon_slice":13,"minecraft:wooden_sword":1,"minecraft:stone_pickaxe":1},"minecraft:killed":{"minecraft:salmon":4,"minecraft:creeper":1,"minecraft:sheep":1,"minecraft:skeleton":1,"minecraft:zombie":5,"minecraft:chicken":3},"minecraft:custom":{"minecraft:interact_with_furnace":3,"minecraft:mob_kills":16,"minecraft:interact_with_crafting_table":16,"minecraft:leave_game":8,"minecraft:time_since_death":10952,"minecraft:climb_one_cm":6360,"minecraft:time_since_rest":10972,"minecraft:sprint_one_cm":122496,"minecraft:damage_taken":2061,"minecraft:walk_one_cm":124116,"minecraft:drop":32,"minecraft:damage_dealt":2894,"minecraft:swim_one_cm":6805,"minecraft:fly_one_cm":200504,"minecraft:player_kills":3,"minecraft:crouch_one_cm":55954,"minecraft:play_time":162724,"minecraft:deaths":5,"minecraft:sneak_time":18515,"minecraft:walk_under_water_one_cm":3948,"minecraft:jump":1444,"minecraft:walk_on_water_one_cm":5557,"minecraft:total_world_time":162724,"minecraft:fall_one_cm":44709},"minecraft:crafted":{"minecraft:wooden_sword":2,"minecraft:oak_planks":44,"minecraft:crafting_table":7,"minecraft:wooden_pickaxe":3,"minecraft:cooked_chicken":3,"minecraft:furnace":2,"minecraft:stone_axe":2,"minecraft:air":0,"minecraft:jungle_planks":120,"minecraft:stick":20,"minecraft:stone_pickaxe":4,"minecraft:stone_sword":2,"minecraft:dark_oak_planks":8,"minecraft:torch":8}},"DataVersion":3105}