{"stats":{"minecraft:crafted":{"minecraft:wooden_sword":2,"minecraft:oak_planks":44,"minecraft:cooked_chicken":3,"minecraft:furnace":3,"minecraft:cooked_mutton":2,"minecraft:stone_pickaxe":4,"minecraft:dark_oak_planks":8,"minecraft:crafting_table":7,"minecraft:jungle_boat":1,"minecraft:dried_kelp":16,"minecraft:wooden_pickaxe":3,"minecraft:cooked_salmon":7,"minecraft:stone_axe":3,"minecraft:air":0,"minecraft:jungle_planks":120,"minecraft:stick":24,"minecraft:stone_sword":3,"minecraft:torch":12},"minecraft:custom":{"minecraft:mob_kills":36,"minecraft:interact_with_crafting_table":23,"minecraft:leave_game":10,"minecraft:time_since_death":14098,"minecraft:climb_one_cm":17991,"minecraft:sprint_one_cm":190143,"minecraft:walk_one_cm":192020,"minecraft:drop":56,"minecraft:play_time":253051,"minecraft:deaths":10,"minecraft:sneak_time":24461,"minecraft:walk_under_water_one_cm":24193,"minecraft:boat_one_cm":495045,"minecraft:jump":2251,"minecraft:walk_on_water_one_cm":17338,"minecraft:total_world_time":253051,"minecraft:interact_with_furnace":17,"minecraft:time_since_rest":14118,"minecraft:damage_taken":7666,"minecraft:damage_dealt":5124,"minecraft:swim_one_cm":37629,"minecraft:fly_one_cm":509232,"minecraft:player_kills":3,"minecraft:open_chest":15,"minecraft:crouch_one_cm":71637,"minecraft:fall_one_cm":118000},"minecraft:used":{"minecraft:stone_sword":79,"minecraft:dried_kelp":16,"minecraft:ladder":4,"minecraft:chest":6,"minecraft:cooked_salmon":2,"minecraft:rotten_flesh":8,"minecraft:cooked_chicken":2,"minecraft:torch":13,"minecraft:dirt":42,"minecraft:mutton":1,"minecraft:jungle_planks":12,"minecraft:dark_oak_planks":6,"minecraft:lava_bucket":258,"minecraft:jungle_log":4,"minecraft:bedrock":1231,"minecraft:bow":21,"minecraft:furnace":5,"minecraft:pointed_dripstone":20,"minecraft:cooked_mutton":2,"minecraft:water_bucket":3,"minecraft:diorite":1,"minecraft:stone_pickaxe":263,"minecraft:wooden_pickaxe":32,"minecraft:jungle_boat":1,"minecraft:salmon":4,"minecraft:crafting_table":9,"minecraft:white_bed":5,"minecraft:cod":4,"minecraft:lever":9,"minecraft:dark_oak_log":2,"minecraft:melon_slice":33,"minecraft:iron_door":3,"minecraft:stone_axe":66,"minecraft:wooden_sword":20,"minecraft:cobblestone":32,"minecraft:bucket":9},"minecraft:killed":{"minecraft:cod":4,"minecraft:skeleton":1,"minecraft:chicken":3,"minecraft:pig":2,"minecraft:salmon":12,"minecraft:creeper":1,"minecraft:sheep":2,"minecraft:zombie":9},"minecraft:picked_up":{"minecraft:cocoa_beans":12,"minecraft:crafting_table":6,"minecraft:wheat":6,"minecraft:chicken":3,"minecraft:wooden_pickaxe":5,"minecraft:bucket":1,"minecraft:jungle_sapling":1,"minecraft:poppy":9,"minecraft:melon_slice":52,"minecraft:sugar_cane":3,"minecraft:furnace":6,"minecraft:raw_iron":7,"minecraft:stick":11,"minecraft:copper_ingot":4,"minecraft:porkchop":4,"minecraft:dried_kelp":14,"minecraft:pointed_dripstone":34,"minecraft:diorite":1,"minecraft:dark_oak_planks":5,"minecraft:stone_sword":5,"minecraft:arrow":1,"minecraft:rotten_flesh":15,"minecraft:mutton":7,"minecraft:cod":4,"minecraft:cobblestone":246,"minecraft:white_wool":5,"minecraft:feather":5,"minecraft:jungle_log":45,"minecraft:salmon":11,"minecraft:filled_map":3,"minecraft:oak_log":11,"minecraft:dirt":82,"minecraft:bone":1,"minecraft:kelp":31,"minecraft:wheat_seeds":21,"minecraft:stone_pickaxe":4,"minecraft:bamboo":15,"minecraft:dandelion":2,"minecraft:dripstone_block":8,"minecraft:lava_bucket":1,"minecraft:jungle_planks":101,"minecraft:dark_oak_log":4,"minecraft:diamond":1,"minecraft:stone_axe":4,"minecraft:granite":1,"minecraft:bone_meal":4,"minecraft:oak_sapling":16,"minecraft:coal":204},"minecraft:dropped":{"minecraft:water_bucket":2,"minecraft:iron_ingot":34,"minecraft:porkchop":8,"minecraft:wheat_seeds":2,"minecraft:diamond":1,"minecraft:iron_helmet":1,"minecraft:cobblestone":39,"minecraft:jungle_planks":24,"minecraft:coal":15,"minecraft:lava_bucket":2,"minecraft:torch":8,"minecraft:melon_slice":23,"minecraft:iron_leggings":1,"minecraft:wooden_sword":1,"minecraft:iron_pickaxe":2,"minecraft:fishing_rod":1,"minecraft:bucket":1,"minecraft:gold_ingot":25,"minecraft:stone_axe":1,"minecraft:stone_sword":2,"minecraft:oak_planks":64,"minecraft:iron_boots":1,"minecraft:white_bed":1,"minecraft:shield":1,"minecraft:iron_chestplate":1,"minecraft:bow":1,"minecraft:stone_pickaxe":1},"minecraft:killed_by":{"minecraft:skeleton":2,"minecraft:zombie":1},"minecraft:mined":{"minecraft:dark_oak_log":4,"minecraft:jungle_leaves":13,"minecraft:granite":1,"minecraft:grass_block":18,"minecraft:jungle_planks":2,"minecraft:jungle_log":40,"minecraft:furnace":3,"minecraft:fire":8,"minecraft:iron_ore":7,"minecraft:pointed_dripstone":16,"minecraft:vine":13,"minecraft:bamboo":1,"minecraft:stone":160,"minecraft:kelp_plant":4,"minecraft:dandelion":1,"minecraft:crafting_table":3,"minecraft:poppy":3,"minecraft:melon":10,"minecraft:cobblestone":9,"minecraft:tall_grass":4,"minecraft:sugar_cane":1,"minecraft:diorite":1,"minecraft:birch_planks":4,"minecraft:grass":97,"minecraft:oak_log":11,"minecraft:coal_ore":85,"minecraft:cocoa":3,"minecraft:dripstone_block":8,"minecraft:dirt":13,"minecraft:oak_leaves":15,"minecraft:fern":23}},"DataVersion":3105}