{"stats":{"minecraft:crafted":{"minecraft:wooden_sword":2,"minecraft:oak_planks":100,"minecraft:cooked_chicken":9,"minecraft:furnace":5,"minecraft:cooked_mutton":39,"minecraft:iron_boots":1,"minecraft:iron_axe":1,"minecraft:iron_hoe":1,"minecraft:stone_pickaxe":4,"minecraft:dark_oak_planks":8,"minecraft:wheat":198,"minecraft:cooked_beef":7,"minecraft:cooked_porkchop":4,"minecraft:crafting_table":13,"minecraft:jungle_boat":1,"minecraft:dried_kelp":16,"minecraft:wooden_pickaxe":3,"minecraft:iron_helmet":1,"minecraft:iron_sword":2,"minecraft:cooked_salmon":7,"minecraft:bucket":3,"minecraft:stone_axe":3,"minecraft:bread":66,"minecraft:air":0,"minecraft:jungle_planks":120,"minecraft:oak_boat":2,"minecraft:iron_chestplate":1,"minecraft:shield":1,"minecraft:stick":71,"minecraft:iron_ingot":149,"minecraft:iron_pickaxe":3,"minecraft:stone_sword":3,"minecraft:gold_ingot":3,"minecraft:white_bed":2,"minecraft:torch":84,"minecraft:shears":1},"minecraft:custom":{"minecraft:mob_kills":131,"minecraft:interact_with_crafting_table":55,"minecraft:leave_game":11,"minecraft:time_since_death":129168,"minecraft:climb_one_cm":21913,"minecraft:sprint_one_cm":668330,"minecraft:walk_one_cm":371100,"minecraft:damage_blocked_by_shield":855,"minecraft:drop":100,"minecraft:play_time":404546,"minecraft:deaths":11,"minecraft:sneak_time":43132,"minecraft:walk_under_water_one_cm":32603,"minecraft:boat_one_cm":792057,"minecraft:jump":6026,"minecraft:interact_with_blast_furnace":6,"minecraft:walk_on_water_one_cm":36445,"minecraft:total_world_time":404546,"minecraft:interact_with_furnace":88,"minecraft:sleep_in_bed":4,"minecraft:time_since_rest":28165,"minecraft:damage_taken":10291,"minecraft:damage_dealt":17827,"minecraft:player_kills":4,"minecraft:swim_one_cm":66420,"minecraft:fly_one_cm":1425333,"minecraft:open_chest":24,"minecraft:crouch_one_cm":129988,"minecraft:fall_one_cm":235526},"minecraft:used":{"minecraft:stone_sword":88,"minecraft:flint_and_steel":15,"minecraft:dried_kelp":16,"minecraft:ladder":4,"minecraft:chest":6,"minecraft:shield":16,"minecraft:iron_sword":273,"minecraft:grass":7,"minecraft:cooked_salmon":7,"minecraft:cooked_chicken":8,"minecraft:rotten_flesh":19,"minecraft:torch":75,"minecraft:dirt":43,"minecraft:mutton":2,"minecraft:jungle_planks":12,"minecraft:obsidian":1,"minecraft:iron_hoe":22,"minecraft:dark_oak_planks":6,"minecraft:lava_bucket":267,"minecraft:iron_axe":41,"minecraft:jungle_log":4,"minecraft:light_gray_wool":1,"minecraft:bedrock":1231,"minecraft:magma_block":1,"minecraft:bow":21,"minecraft:furnace":15,"minecraft:cooked_beef":3,"minecraft:pointed_dripstone":20,"minecraft:cooked_mutton":16,"minecraft:water_bucket":18,"minecraft:diorite":1,"minecraft:stone_pickaxe":288,"minecraft:wooden_pickaxe":34,"minecraft:jungle_boat":1,"minecraft:salmon":4,"minecraft:glow_berries":6,"minecraft:crafting_table":22,"minecraft:white_bed":9,"minecraft:cod":4,"minecraft:shears":6,"minecraft:lever":9,"minecraft:dark_oak_log":2,"minecraft:bread":11,"minecraft:melon_slice":33,"minecraft:brown_wool":1,"minecraft:iron_pickaxe":507,"minecraft:iron_door":3,"minecraft:stone_axe":66,"minecraft:wooden_sword":20,"minecraft:cobblestone":159,"minecraft:cooked_porkchop":4,"minecraft:bucket":35,"minecraft:oak_boat":6},"minecraft:broken":{"minecraft:stone_pickaxe":1,"minecraft:iron_sword":1,"minecraft:iron_pickaxe":2},"minecraft:killed":{"minecraft:spider":8,"minecraft:cod":4,"minecraft:skeleton":12,"minecraft:bee":2,"minecraft:chicken":9,"minecraft:pig":4,"minecraft:salmon":12,"minecraft:creeper":4,"minecraft:sheep":39,"minecraft:zombie":24,"minecraft:cow":8,"minecraft:enderman":1},"minecraft:picked_up":{"minecraft:cocoa_beans":12,"minecraft:iron_chestplate":1,"minecraft:crafting_table":13,"minecraft:wheat":8,"minecraft:chicken":13,"minecraft:wooden_pickaxe":6,"minecraft:shield":1,"minecraft:string":5,"minecraft:iron_axe":1,"minecraft:iron_leggings":1,"minecraft:bucket":1,"minecraft:beef":7,"minecraft:oak_boat":4,"minecraft:jungle_sapling":1,"minecraft:poppy":9,"minecraft:iron_pickaxe":1,"minecraft:light_gray_wool":1,"minecraft:melon_slice":52,"minecraft:sugar_cane":6,"minecraft:birch_sapling":2,"minecraft:furnace":17,"minecraft:stick":13,"minecraft:raw_iron":156,"minecraft:copper_ingot":5,"minecraft:torch":45,"minecraft:porkchop":6,"minecraft:dried_kelp":14,"minecraft:pointed_dripstone":34,"minecraft:diorite":1,"minecraft:dark_oak_planks":5,"minecraft:stone_sword":6,"minecraft:arrow":18,"minecraft:rotten_flesh":28,"minecraft:hay_block":22,"minecraft:mutton":48,"minecraft:cod":4,"minecraft:cobblestone":498,"minecraft:white_wool":43,"minecraft:magma_block":1,"minecraft:feather":20,"minecraft:cooked_beef":3,"minecraft:salmon":11,"minecraft:andesite":7,"minecraft:jungle_log":45,"minecraft:brown_wool":1,"minecraft:leather":2,"minecraft:filled_map":4,"minecraft:oak_log":25,"minecraft:gunpowder":2,"minecraft:lapis_lazuli":9,"minecraft:dirt":103,"minecraft:cooked_mutton":18,"minecraft:bone":25,"minecraft:kelp":37,"minecraft:wheat_seeds":29,"minecraft:raw_gold":3,"minecraft:stone_pickaxe":4,"minecraft:bamboo":16,"minecraft:iron_sword":2,"minecraft:oak_planks":52,"minecraft:smooth_basalt":2,"minecraft:cooked_porkchop":1,"minecraft:dandelion":2,"minecraft:dripstone_block":28,"minecraft:lava_bucket":2,"minecraft:jungle_planks":101,"minecraft:spruce_sapling":1,"minecraft:white_bed":3,"minecraft:grass_block":2,"minecraft:dark_oak_log":4,"minecraft:spider_eye":3,"minecraft:diamond":1,"minecraft:stone_axe":5,"minecraft:grass":7,"minecraft:granite":5,"minecraft:bone_meal":6,"minecraft:gray_wool":1,"minecraft:emerald":9,"minecraft:netherrack":15,"minecraft:oak_sapling":17,"minecraft:black_wool":1,"minecraft:coal":830},"minecraft:dropped":{"minecraft:water_bucket":2,"minecraft:iron_ingot":34,"minecraft:iron_sword":1,"minecraft:porkchop":8,"minecraft:wheat_seeds":10,"minecraft:diamond":1,"minecraft:dripstone_block":11,"minecraft:feather":9,"minecraft:iron_helmet":1,"minecraft:cobblestone":39,"minecraft:leather":2,"minecraft:granite":4,"minecraft:jungle_planks":24,"minecraft:copper_ingot":1,"minecraft:coal":15,"minecraft:emerald":10,"minecraft:lava_bucket":4,"minecraft:dirt":15,"minecraft:gray_wool":1,"minecraft:torch":8,"minecraft:mutton":3,"minecraft:melon_slice":23,"minecraft:iron_leggings":1,"minecraft:wooden_sword":1,"minecraft:bone_meal":2,"minecraft:iron_pickaxe":2,"minecraft:string":3,"minecraft:fishing_rod":1,"minecraft:bucket":1,"minecraft:white_wool":1,"minecraft:gold_ingot":25,"minecraft:smooth_basalt":2,"minecraft:stone_axe":2,"minecraft:kelp":6,"minecraft:sugar_cane":3,"minecraft:stone_sword":3,"minecraft:wheat":2,"minecraft:birch_sapling":1,"minecraft:oak_planks":64,"minecraft:iron_boots":1,"minecraft:white_bed":1,"minecraft:shears":1,"minecraft:shield":1,"minecraft:gunpowder":2,"minecraft:iron_chestplate":1,"minecraft:andesite":7,"minecraft:oak_sapling":1,"minecraft:spider_eye":3,"minecraft:bamboo":1,"minecraft:bow":1,"minecraft:stone_pickaxe":1,"minecraft:wooden_pickaxe":1,"minecraft:netherrack":15,"minecraft:black_wool":1},"minecraft:killed_by":{"minecraft:skeleton":2,"minecraft:zombie":1},"minecraft:mined":{"minecraft:white_bed":3,"minecraft:jungle_leaves":13,"minecraft:dark_oak_log":4,"minecraft:granite":2,"minecraft:grass_block":32,"minecraft:jungle_planks":2,"minecraft:jungle_log":40,"minecraft:hay_block":22,"minecraft:magma_block":1,"minecraft:furnace":13,"minecraft:iron_ore":154,"minecraft:fire":21,"minecraft:andesite":7,"minecraft:azure_bluet":1,"minecraft:pointed_dripstone":21,"minecraft:cave_vines":3,"minecraft:vine":22,"minecraft:bamboo":1,"minecraft:stone":295,"minecraft:kelp_plant":4,"minecraft:dandelion":1,"minecraft:crafting_table":10,"minecraft:torch":1,"minecraft:poppy":3,"minecraft:melon":10,"minecraft:tall_grass":13,"minecraft:cobblestone":23,"minecraft:lapis_ore":2,"minecraft:sugar_cane":1,"minecraft:diorite":2,"minecraft:wall_torch":1,"minecraft:birch_planks":4,"minecraft:birch_leaves":2,"minecraft:grass":133,"minecraft:coal_ore":255,"minecraft:oak_log":25,"minecraft:cocoa":3,"minecraft:gravel":3,"minecraft:dripstone_block":12,"minecraft:dirt":20,"minecraft:smooth_basalt":2,"minecraft:netherrack":25,"minecraft:gold_ore":3,"minecraft:oak_leaves":20,"minecraft:fern":23}},"DataVersion":3105}