{"stats":{"minecraft:crafted":{"minecraft:oak_planks":28,"minecraft:furnace":4,"minecraft:cooked_mutton":10,"minecraft:iron_boots":1,"minecraft:stone_pickaxe":4,"minecraft:dark_oak_planks":120,"minecraft:cooked_beef":6,"minecraft:cooked_porkchop":15,"minecraft:crafting_table":3,"minecraft:wooden_pickaxe":2,"minecraft:iron_helmet":1,"minecraft:cooked_salmon":7,"minecraft:bucket":1,"minecraft:birch_planks":84,"minecraft:stone_axe":3,"minecraft:air":0,"minecraft:jungle_planks":28,"minecraft:oak_boat":1,"minecraft:iron_chestplate":1,"minecraft:shield":1,"minecraft:stick":36,"minecraft:iron_pickaxe":1,"minecraft:iron_ingot":25,"minecraft:stone_sword":2,"minecraft:white_bed":1,"minecraft:torch":52},"minecraft:custom":{"minecraft:mob_kills":45,"minecraft:interact_with_crafting_table":31,"minecraft:leave_game":2,"minecraft:time_since_death":42121,"minecraft:climb_one_cm":7614,"minecraft:sprint_one_cm":219461,"minecraft:walk_one_cm":171489,"minecraft:damage_blocked_by_shield":210,"minecraft:drop":14,"minecraft:play_time":124890,"minecraft:deaths":4,"minecraft:sneak_time":21645,"minecraft:walk_under_water_one_cm":31677,"minecraft:boat_one_cm":281752,"minecraft:jump":2871,"minecraft:walk_on_water_one_cm":29003,"minecraft:total_world_time":124890,"minecraft:interact_with_furnace":58,"minecraft:sleep_in_bed":2,"minecraft:time_since_rest":42141,"minecraft:damage_taken":5451,"minecraft:damage_dealt":4981,"minecraft:swim_one_cm":98716,"minecraft:fly_one_cm":398969,"minecraft:player_kills":1,"minecraft:crouch_one_cm":42770,"minecraft:fall_one_cm":110975,"minecraft:horse_one_cm":3222},"minecraft:used":{"minecraft:stone_sword":87,"minecraft:shield":5,"minecraft:cooked_salmon":7,"minecraft:torch":34,"minecraft:dirt":8,"minecraft:lava_bucket":10,"minecraft:furnace":8,"minecraft:cooked_beef":6,"minecraft:cooked_mutton":7,"minecraft:water_bucket":23,"minecraft:birch_planks":21,"minecraft:stone_pickaxe":280,"minecraft:wooden_pickaxe":44,"minecraft:crafting_table":10,"minecraft:white_bed":2,"minecraft:melon_slice":33,"minecraft:iron_pickaxe":102,"minecraft:stone_axe":205,"minecraft:cobblestone":72,"minecraft:cooked_porkchop":8,"minecraft:bucket":34,"minecraft:oak_boat":2},"minecraft:broken":{"minecraft:stone_pickaxe":1,"minecraft:stone_axe":1},"minecraft:killed":{"minecraft:spider":3,"minecraft:skeleton":5,"minecraft:chicken":4,"minecraft:pig":6,"minecraft:salmon":7,"minecraft:creeper":1,"minecraft:sheep":13,"minecraft:zombie":2,"minecraft:cow":4},"minecraft:picked_up":{"minecraft:fishing_rod":1,"minecraft:cocoa_beans":6,"minecraft:crafting_table":10,"minecraft:iron_chestplate":1,"minecraft:chicken":5,"minecraft:wooden_pickaxe":1,"minecraft:shield":1,"minecraft:string":5,"minecraft:iron_leggings":1,"minecraft:bucket":1,"minecraft:beef":9,"minecraft:oak_boat":1,"minecraft:calcite":1,"minecraft:jungle_sapling":2,"minecraft:iron_pickaxe":2,"minecraft:melon_slice":145,"minecraft:sugar_cane":29,"minecraft:iron_boots":1,"minecraft:furnace":8,"minecraft:raw_iron":40,"minecraft:stick":3,"minecraft:torch":11,"minecraft:porkchop":19,"minecraft:stone_sword":3,"minecraft:arrow":5,"minecraft:rotten_flesh":2,"minecraft:gold_ingot":25,"minecraft:glow_berries":1,"minecraft:mutton":23,"minecraft:white_wool":14,"minecraft:cobblestone":285,"minecraft:birch_log":27,"minecraft:feather":3,"minecraft:andesite":6,"minecraft:jungle_log":7,"minecraft:salmon":7,"minecraft:brown_wool":1,"minecraft:birch_planks":10,"minecraft:flint":1,"minecraft:oak_log":7,"minecraft:gunpowder":1,"minecraft:dirt":47,"minecraft:cooked_mutton":2,"minecraft:bone":4,"minecraft:bow":1,"minecraft:wheat_seeds":4,"minecraft:raw_gold":16,"minecraft:stone_pickaxe":1,"minecraft:iron_ingot":34,"minecraft:bamboo":19,"minecraft:oak_planks":64,"minecraft:gravel":9,"minecraft:lava_bucket":1,"minecraft:jungle_planks":16,"minecraft:white_bed":2,"minecraft:dark_oak_log":30,"minecraft:spider_eye":2,"minecraft:stone_axe":2,"minecraft:iron_helmet":1,"minecraft:gray_wool":1,"minecraft:oak_sapling":2,"minecraft:coal":154},"minecraft:dropped":{"minecraft:crafting_table":1,"minecraft:glow_berries":1,"minecraft:dirt":31,"minecraft:gray_wool":1,"minecraft:mutton":3,"minecraft:melon_slice":25,"minecraft:brown_wool":1,"minecraft:jungle_sapling":2,"minecraft:bucket":1,"minecraft:white_wool":1,"minecraft:stone_sword":1,"minecraft:rotten_flesh":2,"minecraft:spider_eye":1},"minecraft:killed_by":{"minecraft:player":2},"minecraft:mined":{"minecraft:white_bed":1,"minecraft:dark_oak_leaves":2,"minecraft:dark_oak_log":31,"minecraft:cave_vines_plant":1,"minecraft:grass_block":4,"minecraft:jungle_log":7,"minecraft:kelp":1,"minecraft:furnace":8,"minecraft:iron_ore":40,"minecraft:fire":11,"minecraft:andesite":6,"minecraft:moss_carpet":1,"minecraft:vine":1,"minecraft:bamboo":13,"minecraft:stone":231,"minecraft:crafting_table":9,"minecraft:torch":2,"minecraft:melon":23,"minecraft:cobblestone":16,"minecraft:tall_grass":2,"minecraft:sugar_cane":16,"minecraft:seagrass":1,"minecraft:birch_planks":9,"minecraft:birch_log":27,"minecraft:birch_leaves":3,"minecraft:grass":57,"minecraft:oak_log":7,"minecraft:coal_ore":103,"minecraft:gravel":8,"minecraft:sand":1,"minecraft:dirt":5,"minecraft:gold_ore":16,"minecraft:oak_leaves":19,"minecraft:fern":6}},"DataVersion":3105}