{"stats":{"minecraft:used":{"minecraft:cooked_mutton":4,"minecraft:water_bucket":7,"minecraft:stone_sword":29,"minecraft:birch_planks":20,"minecraft:stone_pickaxe":207,"minecraft:wooden_pickaxe":44,"minecraft:cooked_salmon":7,"minecraft:torch":19,"minecraft:dirt":8,"minecraft:crafting_table":6,"minecraft:white_bed":1,"minecraft:lava_bucket":10,"minecraft:melon_slice":17,"minecraft:stone_axe":139,"minecraft:cobblestone":50,"minecraft:furnace":7,"minecraft:bucket":17,"minecraft:cooked_beef":6},"minecraft:broken":{"minecraft:stone_pickaxe":1},"minecraft:picked_up":{"minecraft:birch_log":27,"minecraft:cocoa_beans":6,"minecraft:crafting_table":6,"minecraft:feather":3,"minecraft:chicken":4,"minecraft:jungle_log":7,"minecraft:salmon":7,"minecraft:birch_planks":10,"minecraft:flint":1,"minecraft:oak_log":7,"minecraft:string":4,"minecraft:dirt":16,"minecraft:bone":1,"minecraft:beef":6,"minecraft:stone_pickaxe":1,"minecraft:melon_slice":43,"minecraft:sugar_cane":19,"minecraft:furnace":5,"minecraft:raw_iron":16,"minecraft:torch":2,"minecraft:gravel":7,"minecraft:lava_bucket":1,"minecraft:porkchop":9,"minecraft:jungle_planks":16,"minecraft:white_bed":1,"minecraft:dark_oak_log":30,"minecraft:spider_eye":2,"minecraft:stone_sword":1,"minecraft:arrow":1,"minecraft:stone_axe":1,"minecraft:gray_wool":1,"minecraft:oak_sapling":1,"minecraft:mutton":10,"minecraft:coal":82,"minecraft:white_wool":5,"minecraft:cobblestone":176},"minecraft:killed_by":{"minecraft:player":2},"minecraft:dropped":{"minecraft:bucket":1},"minecraft:mined":{"minecraft:white_bed":1,"minecraft:dark_oak_leaves":2,"minecraft:dark_oak_log":31,"minecraft:torch":2,"minecraft:crafting_table":6,"minecraft:grass_block":4,"minecraft:melon":10,"minecraft:jungle_log":7,"minecraft:cobblestone":16,"minecraft:sugar_cane":8,"minecraft:birch_planks":9,"minecraft:furnace":5,"minecraft:birch_log":27,"minecraft:iron_ore":16,"minecraft:fire":6,"minecraft:birch_leaves":3,"minecraft:grass":27,"minecraft:oak_log":7,"minecraft:coal_ore":58,"minecraft:vine":1,"minecraft:gravel":8,"minecraft:dirt":5,"minecraft:stone":155,"minecraft:oak_leaves":6,"minecraft:fern":1},"minecraft:killed":{"minecraft:pig":6,"minecraft:salmon":7,"minecraft:spider":2,"minecraft:sheep":6,"minecraft:skeleton":1,"minecraft:zombie":1,"minecraft:chicken":4,"minecraft:cow":3},"minecraft:custom":{"minecraft:interact_with_furnace":32,"minecraft:mob_kills":30,"minecraft:interact_with_crafting_table":18,"minecraft:leave_game":2,"minecraft:time_since_death":50217,"minecraft:sleep_in_bed":2,"minecraft:climb_one_cm":2492,"minecraft:time_since_rest":50237,"minecraft:sprint_one_cm":99574,"minecraft:damage_taken":2353,"minecraft:walk_one_cm":96743,"minecraft:drop":1,"minecraft:damage_dealt":2655,"minecraft:swim_one_cm":62804,"minecraft:fly_one_cm":170020,"minecraft:crouch_one_cm":30915,"minecraft:play_time":64905,"minecraft:deaths":3,"minecraft:sneak_time":14627,"minecraft:walk_under_water_one_cm":22410,"minecraft:jump":1379,"minecraft:walk_on_water_one_cm":18009,"minecraft:total_world_time":64905,"minecraft:fall_one_cm":43024},"minecraft:crafted":{"minecraft:cooked_beef":6,"minecraft:oak_planks":28,"minecraft:crafting_table":2,"minecraft:wooden_pickaxe":2,"minecraft:furnace":3,"minecraft:cooked_salmon":7,"minecraft:bucket":1,"minecraft:birch_planks":84,"minecraft:stone_axe":2,"minecraft:cooked_mutton":9,"minecraft:air":0,"minecraft:jungle_planks":28,"minecraft:stick":24,"minecraft:iron_ingot":3,"minecraft:stone_pickaxe":3,"minecraft:stone_sword":2,"minecraft:white_bed":1,"minecraft:torch":20}},"DataVersion":3105}