{"stats":{"minecraft:used":{"minecraft:cooked_mutton":2,"minecraft:water_bucket":2,"minecraft:stone_sword":25,"minecraft:stone_pickaxe":129,"minecraft:wooden_pickaxe":44,"minecraft:cooked_salmon":6,"minecraft:torch":10,"minecraft:crafting_table":6,"minecraft:white_bed":1,"minecraft:melon_slice":10,"minecraft:stone_axe":104,"minecraft:cobblestone":16,"minecraft:furnace":5,"minecraft:bucket":3},"minecraft:picked_up":{"minecraft:birch_log":27,"minecraft:cocoa_beans":6,"minecraft:crafting_table":5,"minecraft:feather":3,"minecraft:chicken":4,"minecraft:jungle_log":7,"minecraft:salmon":7,"minecraft:oak_log":7,"minecraft:string":4,"minecraft:dirt":3,"minecraft:beef":6,"minecraft:stone_pickaxe":1,"minecraft:melon_slice":43,"minecraft:sugar_cane":19,"minecraft:furnace":3,"minecraft:raw_iron":3,"minecraft:torch":2,"minecraft:jungle_planks":16,"minecraft:white_bed":1,"minecraft:dark_oak_log":26,"minecraft:spider_eye":2,"minecraft:stone_sword":1,"minecraft:stone_axe":1,"minecraft:gray_wool":1,"minecraft:oak_sapling":1,"minecraft:mutton":9,"minecraft:coal":64,"minecraft:white_wool":4,"minecraft:cobblestone":132},"minecraft:killed_by":{"minecraft:player":2},"minecraft:mined":{"minecraft:white_bed":1,"minecraft:dark_oak_leaves":2,"minecraft:dark_oak_log":27,"minecraft:torch":2,"minecraft:crafting_table":5,"minecraft:grass_block":1,"minecraft:melon":10,"minecraft:jungle_log":7,"minecraft:sugar_cane":8,"minecraft:furnace":3,"minecraft:birch_log":27,"minecraft:iron_ore":3,"minecraft:birch_leaves":3,"minecraft:grass":24,"minecraft:oak_log":7,"minecraft:coal_ore":40,"minecraft:vine":1,"minecraft:dirt":2,"minecraft:stone":127,"minecraft:oak_leaves":6,"minecraft:fern":1},"minecraft:killed":{"minecraft:salmon":7,"minecraft:spider":2,"minecraft:sheep":5,"minecraft:chicken":4,"minecraft:cow":3},"minecraft:custom":{"minecraft:interact_with_furnace":23,"minecraft:mob_kills":21,"minecraft:interact_with_crafting_table":15,"minecraft:leave_game":2,"minecraft:time_since_death":26217,"minecraft:sleep_in_bed":2,"minecraft:climb_one_cm":2492,"minecraft:time_since_rest":26237,"minecraft:sprint_one_cm":70116,"minecraft:damage_taken":1553,"minecraft:walk_one_cm":49109,"minecraft:damage_dealt":1546,"minecraft:swim_one_cm":59417,"minecraft:fly_one_cm":124635,"minecraft:crouch_one_cm":15702,"minecraft:play_time":40905,"minecraft:deaths":3,"minecraft:sneak_time":7482,"minecraft:walk_under_water_one_cm":20088,"minecraft:jump":902,"minecraft:walk_on_water_one_cm":13714,"minecraft:total_world_time":40905,"minecraft:fall_one_cm":31620},"minecraft:crafted":{"minecraft:oak_planks":28,"minecraft:crafting_table":2,"minecraft:wooden_pickaxe":2,"minecraft:furnace":3,"minecraft:cooked_salmon":7,"minecraft:bucket":1,"minecraft:birch_planks":60,"minecraft:stone_axe":2,"minecraft:cooked_mutton":7,"minecraft:air":0,"minecraft:jungle_planks":28,"minecraft:stick":20,"minecraft:iron_ingot":3,"minecraft:stone_pickaxe":2,"minecraft:stone_sword":2,"minecraft:white_bed":1,"minecraft:torch":20}},"DataVersion":3105}