{"stats":{"minecraft:used":{"minecraft:cooked_mutton":5,"minecraft:water_bucket":7,"minecraft:stone_sword":29,"minecraft:birch_planks":21,"minecraft:stone_pickaxe":280,"minecraft:shield":3,"minecraft:wooden_pickaxe":44,"minecraft:cooked_salmon":7,"minecraft:torch":32,"minecraft:dirt":8,"minecraft:crafting_table":8,"minecraft:white_bed":1,"minecraft:lava_bucket":10,"minecraft:iron_pickaxe":26,"minecraft:melon_slice":18,"minecraft:stone_axe":153,"minecraft:cobblestone":56,"minecraft:furnace":7,"minecraft:cooked_porkchop":1,"minecraft:bucket":17,"minecraft:cooked_beef":6},"minecraft:broken":{"minecraft:stone_pickaxe":1},"minecraft:picked_up":{"minecraft:birch_log":27,"minecraft:cocoa_beans":6,"minecraft:crafting_table":8,"minecraft:feather":3,"minecraft:andesite":2,"minecraft:chicken":4,"minecraft:jungle_log":7,"minecraft:salmon":7,"minecraft:birch_planks":10,"minecraft:flint":1,"minecraft:oak_log":7,"minecraft:string":5,"minecraft:dirt":16,"minecraft:bone":4,"minecraft:raw_gold":16,"minecraft:beef":6,"minecraft:stone_pickaxe":1,"minecraft:melon_slice":43,"minecraft:sugar_cane":19,"minecraft:furnace":7,"minecraft:raw_iron":38,"minecraft:torch":3,"minecraft:gravel":9,"minecraft:lava_bucket":1,"minecraft:porkchop":9,"minecraft:jungle_planks":16,"minecraft:white_bed":1,"minecraft:dark_oak_log":30,"minecraft:spider_eye":2,"minecraft:rotten_flesh":2,"minecraft:stone_sword":1,"minecraft:arrow":3,"minecraft:stone_axe":1,"minecraft:gray_wool":1,"minecraft:oak_sapling":1,"minecraft:glow_berries":1,"minecraft:mutton":10,"minecraft:coal":111,"minecraft:white_wool":5,"minecraft:cobblestone":202},"minecraft:killed_by":{"minecraft:player":2},"minecraft:dropped":{"minecraft:glow_berries":1,"minecraft:rotten_flesh":2,"minecraft:gray_wool":1,"minecraft:spider_eye":1,"minecraft:bucket":1},"minecraft:mined":{"minecraft:white_bed":1,"minecraft:dark_oak_leaves":2,"minecraft:dark_oak_log":31,"minecraft:cave_vines_plant":1,"minecraft:torch":2,"minecraft:crafting_table":8,"minecraft:grass_block":4,"minecraft:melon":10,"minecraft:jungle_log":7,"minecraft:cobblestone":16,"minecraft:sugar_cane":8,"minecraft:birch_planks":9,"minecraft:furnace":7,"minecraft:birch_log":27,"minecraft:iron_ore":38,"minecraft:fire":6,"minecraft:andesite":2,"minecraft:birch_leaves":3,"minecraft:grass":29,"minecraft:oak_log":7,"minecraft:coal_ore":87,"minecraft:vine":1,"minecraft:gravel":8,"minecraft:dirt":5,"minecraft:stone":181,"minecraft:gold_ore":16,"minecraft:oak_leaves":6,"minecraft:fern":1},"minecraft:killed":{"minecraft:pig":6,"minecraft:salmon":7,"minecraft:spider":3,"minecraft:sheep":6,"minecraft:skeleton":4,"minecraft:zombie":2,"minecraft:chicken":4,"minecraft:cow":3},"minecraft:custom":{"minecraft:interact_with_furnace":51,"minecraft:mob_kills":35,"minecraft:interact_with_crafting_table":27,"minecraft:leave_game":2,"minecraft:time_since_death":62217,"minecraft:sleep_in_bed":2,"minecraft:climb_one_cm":2896,"minecraft:time_since_rest":62237,"minecraft:sprint_one_cm":124525,"minecraft:damage_taken":2474,"minecraft:walk_one_cm":112946,"minecraft:damage_blocked_by_shield":130,"minecraft:drop":6,"minecraft:damage_dealt":3576,"minecraft:swim_one_cm":62804,"minecraft:fly_one_cm":190185,"minecraft:crouch_one_cm":36639,"minecraft:play_time":76905,"minecraft:deaths":3,"minecraft:sneak_time":17119,"minecraft:walk_under_water_one_cm":22410,"minecraft:jump":1595,"minecraft:walk_on_water_one_cm":18449,"minecraft:total_world_time":76905,"minecraft:fall_one_cm":47570},"minecraft:crafted":{"minecraft:cooked_beef":6,"minecraft:oak_planks":28,"minecraft:cooked_porkchop":9,"minecraft:crafting_table":2,"minecraft:iron_helmet":1,"minecraft:wooden_pickaxe":2,"minecraft:furnace":3,"minecraft:cooked_salmon":7,"minecraft:bucket":1,"minecraft:birch_planks":84,"minecraft:stone_axe":3,"minecraft:cooked_mutton":10,"minecraft:air":0,"minecraft:jungle_planks":28,"minecraft:iron_boots":1,"minecraft:iron_chestplate":1,"minecraft:shield":1,"minecraft:stick":36,"minecraft:iron_ingot":25,"minecraft:iron_pickaxe":1,"minecraft:stone_pickaxe":4,"minecraft:stone_sword":2,"minecraft:white_bed":1,"minecraft:dark_oak_planks":120,"minecraft:torch":52}},"DataVersion":3105}