{"stats":{"minecraft:crafted":{"minecraft:cooked_beef":6,"minecraft:oak_planks":28,"minecraft:cooked_porkchop":9,"minecraft:crafting_table":2,"minecraft:iron_helmet":1,"minecraft:wooden_pickaxe":2,"minecraft:furnace":3,"minecraft:cooked_salmon":7,"minecraft:bucket":1,"minecraft:birch_planks":84,"minecraft:stone_axe":3,"minecraft:cooked_mutton":10,"minecraft:air":0,"minecraft:jungle_planks":28,"minecraft:iron_boots":1,"minecraft:iron_chestplate":1,"minecraft:shield":1,"minecraft:stick":36,"minecraft:iron_ingot":25,"minecraft:iron_pickaxe":1,"minecraft:stone_pickaxe":4,"minecraft:stone_sword":2,"minecraft:white_bed":1,"minecraft:dark_oak_planks":120,"minecraft:torch":52},"minecraft:custom":{"minecraft:interact_with_furnace":51,"minecraft:mob_kills":38,"minecraft:interact_with_crafting_table":27,"minecraft:leave_game":2,"minecraft:time_since_death":6121,"minecraft:sleep_in_bed":2,"minecraft:climb_one_cm":4810,"minecraft:time_since_rest":6141,"minecraft:sprint_one_cm":149618,"minecraft:damage_taken":4823,"minecraft:walk_one_cm":134306,"minecraft:damage_blocked_by_shield":210,"minecraft:drop":14,"minecraft:damage_dealt":4176,"minecraft:player_kills":1,"minecraft:swim_one_cm":62804,"minecraft:fly_one_cm":224890,"minecraft:crouch_one_cm":39391,"minecraft:play_time":88890,"minecraft:deaths":4,"minecraft:sneak_time":18364,"minecraft:walk_under_water_one_cm":22410,"minecraft:jump":1884,"minecraft:walk_on_water_one_cm":18679,"minecraft:total_world_time":88890,"minecraft:fall_one_cm":73955},"minecraft:used":{"minecraft:cooked_mutton":5,"minecraft:water_bucket":7,"minecraft:stone_sword":29,"minecraft:birch_planks":21,"minecraft:stone_pickaxe":280,"minecraft:shield":5,"minecraft:wooden_pickaxe":44,"minecraft:cooked_salmon":7,"minecraft:torch":33,"minecraft:dirt":8,"minecraft:crafting_table":8,"minecraft:white_bed":1,"minecraft:lava_bucket":10,"minecraft:iron_pickaxe":52,"minecraft:melon_slice":18,"minecraft:stone_axe":161,"minecraft:cobblestone":72,"minecraft:furnace":7,"minecraft:cooked_porkchop":2,"minecraft:bucket":17,"minecraft:cooked_beef":6},"minecraft:broken":{"minecraft:stone_pickaxe":1,"minecraft:stone_axe":1},"minecraft:killed":{"minecraft:pig":6,"minecraft:salmon":7,"minecraft:spider":3,"minecraft:sheep":7,"minecraft:skeleton":5,"minecraft:zombie":2,"minecraft:chicken":4,"minecraft:cow":4},"minecraft:picked_up":{"minecraft:birch_log":27,"minecraft:iron_chestplate":1,"minecraft:cocoa_beans":6,"minecraft:crafting_table":9,"minecraft:feather":3,"minecraft:chicken":5,"minecraft:salmon":7,"minecraft:jungle_log":7,"minecraft:andesite":6,"minecraft:brown_wool":1,"minecraft:wooden_pickaxe":1,"minecraft:birch_planks":10,"minecraft:flint":1,"minecraft:oak_log":7,"minecraft:dirt":47,"minecraft:string":5,"minecraft:iron_leggings":1,"minecraft:bone":4,"minecraft:bow":1,"minecraft:raw_gold":16,"minecraft:bucket":1,"minecraft:iron_ingot":34,"minecraft:beef":9,"minecraft:stone_pickaxe":1,"minecraft:jungle_sapling":2,"minecraft:iron_pickaxe":2,"minecraft:melon_slice":78,"minecraft:sugar_cane":19,"minecraft:iron_boots":1,"minecraft:furnace":7,"minecraft:stick":3,"minecraft:raw_iron":38,"minecraft:torch":3,"minecraft:lava_bucket":1,"minecraft:gravel":9,"minecraft:porkchop":17,"minecraft:jungle_planks":16,"minecraft:white_bed":1,"minecraft:dark_oak_log":30,"minecraft:spider_eye":2,"minecraft:stone_sword":2,"minecraft:arrow":5,"minecraft:rotten_flesh":2,"minecraft:stone_axe":2,"minecraft:iron_helmet":1,"minecraft:gray_wool":1,"minecraft:gold_ingot":25,"minecraft:oak_sapling":1,"minecraft:glow_berries":1,"minecraft:mutton":14,"minecraft:coal":135,"minecraft:white_wool":7,"minecraft:cobblestone":247},"minecraft:dropped":{"minecraft:stone_sword":1,"minecraft:crafting_table":1,"minecraft:rotten_flesh":2,"minecraft:glow_berries":1,"minecraft:dirt":31,"minecraft:gray_wool":1,"minecraft:mutton":3,"minecraft:melon_slice":25,"minecraft:brown_wool":1,"minecraft:jungle_sapling":2,"minecraft:spider_eye":1,"minecraft:white_wool":1,"minecraft:bucket":1},"minecraft:killed_by":{"minecraft:player":2},"minecraft:mined":{"minecraft:white_bed":1,"minecraft:dark_oak_leaves":2,"minecraft:dark_oak_log":31,"minecraft:crafting_table":8,"minecraft:torch":2,"minecraft:cave_vines_plant":1,"minecraft:grass_block":4,"minecraft:melon":10,"minecraft:jungle_log":7,"minecraft:cobblestone":16,"minecraft:sugar_cane":8,"minecraft:birch_planks":9,"minecraft:furnace":7,"minecraft:birch_log":27,"minecraft:iron_ore":38,"minecraft:fire":6,"minecraft:birch_leaves":3,"minecraft:andesite":6,"minecraft:moss_carpet":1,"minecraft:grass":29,"minecraft:coal_ore":97,"minecraft:oak_log":7,"minecraft:vine":1,"minecraft:gravel":8,"minecraft:dirt":5,"minecraft:stone":193,"minecraft:gold_ore":16,"minecraft:oak_leaves":6,"minecraft:fern":1}},"DataVersion":3105}