{"stats":{"minecraft:used":{"minecraft:crafting_table":2,"minecraft:stone_pickaxe":2,"minecraft:wooden_pickaxe":14,"minecraft:stone_axe":1},"minecraft:picked_up":{"minecraft:stone_sword":1,"minecraft:cocoa_beans":6,"minecraft:crafting_table":2,"minecraft:jungle_log":7,"minecraft:stone_axe":1,"minecraft:stone_pickaxe":1,"minecraft:jungle_planks":16,"minecraft:oak_log":2,"minecraft:oak_sapling":1,"minecraft:cobblestone":22},"minecraft:killed_by":{"minecraft:player":1},"minecraft:mined":{"minecraft:grass":2,"minecraft:oak_log":2,"minecraft:vine":1,"minecraft:jungle_log":7,"minecraft:stone":16,"minecraft:oak_leaves":6,"minecraft:crafting_table":2},"minecraft:custom":{"minecraft:time_since_rest":1085,"minecraft:crouch_one_cm":2045,"minecraft:deaths":1,"minecraft:play_time":5995,"minecraft:sprint_one_cm":9115,"minecraft:damage_taken":270,"minecraft:walk_one_cm":6270,"minecraft:sneak_time":903,"minecraft:jump":104,"minecraft:damage_dealt":26,"minecraft:time_since_death":1065,"minecraft:total_world_time":5995,"minecraft:climb_one_cm":302,"minecraft:interact_with_crafting_table":6,"minecraft:fall_one_cm":3996,"minecraft:fly_one_cm":13442},"minecraft:crafted":{"minecraft:furnace":1,"minecraft:stone_sword":1,"minecraft:oak_planks":8,"minecraft:stone_axe":1,"minecraft:crafting_table":1,"minecraft:stick":8,"minecraft:stone_pickaxe":1,"minecraft:wooden_pickaxe":1,"minecraft:jungle_planks":28}},"DataVersion":3105}