{"stats":{"minecraft:crafted":{"minecraft:cooked_beef":6,"minecraft:oak_planks":28,"minecraft:cooked_porkchop":15,"minecraft:crafting_table":3,"minecraft:iron_helmet":1,"minecraft:wooden_pickaxe":2,"minecraft:furnace":4,"minecraft:cooked_salmon":7,"minecraft:bucket":1,"minecraft:birch_planks":84,"minecraft:stone_axe":3,"minecraft:cooked_mutton":10,"minecraft:air":0,"minecraft:jungle_planks":28,"minecraft:iron_boots":1,"minecraft:iron_chestplate":1,"minecraft:shield":1,"minecraft:stick":36,"minecraft:iron_ingot":25,"minecraft:iron_pickaxe":1,"minecraft:stone_pickaxe":4,"minecraft:stone_sword":2,"minecraft:white_bed":1,"minecraft:dark_oak_planks":120,"minecraft:torch":52},"minecraft:custom":{"minecraft:interact_with_furnace":58,"minecraft:mob_kills":38,"minecraft:interact_with_crafting_table":30,"minecraft:leave_game":2,"minecraft:time_since_death":18121,"minecraft:sleep_in_bed":2,"minecraft:climb_one_cm":6798,"minecraft:time_since_rest":18141,"minecraft:sprint_one_cm":176764,"minecraft:damage_taken":5281,"minecraft:walk_one_cm":153900,"minecraft:damage_blocked_by_shield":210,"minecraft:drop":14,"minecraft:damage_dealt":4430,"minecraft:player_kills":1,"minecraft:swim_one_cm":74247,"minecraft:fly_one_cm":290012,"minecraft:crouch_one_cm":42294,"minecraft:play_time":100890,"minecraft:deaths":4,"minecraft:sneak_time":19484,"minecraft:walk_under_water_one_cm":24430,"minecraft:jump":2273,"minecraft:walk_on_water_one_cm":20690,"minecraft:total_world_time":100890,"minecraft:fall_one_cm":90392},"minecraft:used":{"minecraft:cooked_mutton":5,"minecraft:water_bucket":9,"minecraft:stone_sword":54,"minecraft:birch_planks":21,"minecraft:stone_pickaxe":280,"minecraft:shield":5,"minecraft:wooden_pickaxe":44,"minecraft:cooked_salmon":7,"minecraft:torch":33,"minecraft:dirt":8,"minecraft:crafting_table":9,"minecraft:white_bed":1,"minecraft:lava_bucket":10,"minecraft:iron_pickaxe":97,"minecraft:melon_slice":28,"minecraft:stone_axe":179,"minecraft:cobblestone":72,"minecraft:furnace":8,"minecraft:cooked_porkchop":7,"minecraft:bucket":20,"minecraft:cooked_beef":6},"minecraft:broken":{"minecraft:stone_pickaxe":1,"minecraft:stone_axe":1},"minecraft:killed":{"minecraft:pig":6,"minecraft:salmon":7,"minecraft:spider":3,"minecraft:sheep":7,"minecraft:skeleton":5,"minecraft:zombie":2,"minecraft:chicken":4,"minecraft:cow":4},"minecraft:picked_up":{"minecraft:birch_log":27,"minecraft:fishing_rod":1,"minecraft:iron_chestplate":1,"minecraft:cocoa_beans":6,"minecraft:crafting_table":10,"minecraft:feather":3,"minecraft:chicken":5,"minecraft:salmon":7,"minecraft:jungle_log":7,"minecraft:andesite":6,"minecraft:brown_wool":1,"minecraft:wooden_pickaxe":1,"minecraft:birch_planks":10,"minecraft:flint":1,"minecraft:oak_log":7,"minecraft:shield":1,"minecraft:dirt":47,"minecraft:string":5,"minecraft:iron_leggings":1,"minecraft:bone":4,"minecraft:bow":1,"minecraft:raw_gold":16,"minecraft:bucket":1,"minecraft:iron_ingot":34,"minecraft:beef":9,"minecraft:stone_pickaxe":1,"minecraft:calcite":1,"minecraft:jungle_sapling":2,"minecraft:iron_pickaxe":2,"minecraft:bamboo":19,"minecraft:melon_slice":84,"minecraft:sugar_cane":19,"minecraft:oak_planks":64,"minecraft:iron_boots":1,"minecraft:furnace":8,"minecraft:stick":3,"minecraft:raw_iron":40,"minecraft:torch":11,"minecraft:lava_bucket":1,"minecraft:gravel":9,"minecraft:porkchop":19,"minecraft:jungle_planks":16,"minecraft:white_bed":2,"minecraft:dark_oak_log":30,"minecraft:spider_eye":2,"minecraft:stone_sword":3,"minecraft:arrow":5,"minecraft:rotten_flesh":2,"minecraft:stone_axe":2,"minecraft:iron_helmet":1,"minecraft:gray_wool":1,"minecraft:gold_ingot":25,"minecraft:oak_sapling":1,"minecraft:glow_berries":1,"minecraft:mutton":14,"minecraft:coal":151,"minecraft:white_wool":7,"minecraft:cobblestone":284},"minecraft:dropped":{"minecraft:stone_sword":1,"minecraft:crafting_table":1,"minecraft:rotten_flesh":2,"minecraft:glow_berries":1,"minecraft:dirt":31,"minecraft:gray_wool":1,"minecraft:mutton":3,"minecraft:melon_slice":25,"minecraft:brown_wool":1,"minecraft:jungle_sapling":2,"minecraft:spider_eye":1,"minecraft:white_wool":1,"minecraft:bucket":1},"minecraft:killed_by":{"minecraft:player":2},"minecraft:mined":{"minecraft:white_bed":1,"minecraft:dark_oak_leaves":2,"minecraft:dark_oak_log":31,"minecraft:crafting_table":9,"minecraft:torch":2,"minecraft:cave_vines_plant":1,"minecraft:grass_block":4,"minecraft:melon":11,"minecraft:jungle_log":7,"minecraft:cobblestone":16,"minecraft:sugar_cane":8,"minecraft:birch_planks":9,"minecraft:furnace":8,"minecraft:birch_log":27,"minecraft:iron_ore":40,"minecraft:fire":6,"minecraft:birch_leaves":3,"minecraft:andesite":6,"minecraft:moss_carpet":1,"minecraft:grass":35,"minecraft:coal_ore":100,"minecraft:oak_log":7,"minecraft:vine":1,"minecraft:gravel":8,"minecraft:dirt":5,"minecraft:bamboo":13,"minecraft:stone":230,"minecraft:gold_ore":16,"minecraft:oak_leaves":13,"minecraft:fern":2}},"DataVersion":3105}