{"stats":{"minecraft:used":{"minecraft:cooked_mutton":2,"minecraft:stone_sword":1,"minecraft:stone_pickaxe":16,"minecraft:wooden_pickaxe":44,"minecraft:stone_axe":42,"minecraft:cobblestone":2,"minecraft:crafting_table":4,"minecraft:furnace":1,"minecraft:white_bed":1},"minecraft:picked_up":{"minecraft:birch_log":21,"minecraft:cocoa_beans":6,"minecraft:crafting_table":3,"minecraft:feather":3,"minecraft:chicken":4,"minecraft:jungle_log":7,"minecraft:jungle_planks":16,"minecraft:oak_log":7,"minecraft:white_bed":1,"minecraft:spider_eye":1,"minecraft:string":2,"minecraft:stone_sword":1,"minecraft:stone_axe":1,"minecraft:stone_pickaxe":1,"minecraft:oak_sapling":1,"minecraft:mutton":7,"minecraft:coal":3,"minecraft:white_wool":4,"minecraft:cobblestone":62,"minecraft:furnace":1},"minecraft:killed_by":{"minecraft:player":2},"minecraft:mined":{"minecraft:white_bed":1,"minecraft:furnace":1,"minecraft:birch_log":21,"minecraft:birch_leaves":3,"minecraft:crafting_table":3,"minecraft:grass":15,"minecraft:coal_ore":3,"minecraft:oak_log":7,"minecraft:vine":1,"minecraft:jungle_log":7,"minecraft:stone":56,"minecraft:fern":1,"minecraft:oak_leaves":6},"minecraft:killed":{"minecraft:sheep":4,"minecraft:chicken":4,"minecraft:spider":1},"minecraft:custom":{"minecraft:time_since_rest":3306,"minecraft:interact_with_furnace":4,"minecraft:sprint_one_cm":28997,"minecraft:damage_taken":1038,"minecraft:walk_one_cm":25664,"minecraft:mob_kills":9,"minecraft:damage_dealt":758,"minecraft:swim_one_cm":7716,"minecraft:interact_with_crafting_table":12,"minecraft:fly_one_cm":56981,"minecraft:crouch_one_cm":6575,"minecraft:play_time":17974,"minecraft:deaths":3,"minecraft:sneak_time":3079,"minecraft:walk_under_water_one_cm":3587,"minecraft:jump":395,"minecraft:walk_on_water_one_cm":1350,"minecraft:time_since_death":3286,"minecraft:sleep_in_bed":2,"minecraft:climb_one_cm":1817,"minecraft:total_world_time":17974,"minecraft:fall_one_cm":19272},"minecraft:crafted":{"minecraft:oak_planks":28,"minecraft:crafting_table":2,"minecraft:stick":20,"minecraft:wooden_pickaxe":2,"minecraft:stone_pickaxe":2,"minecraft:stone_sword":2,"minecraft:furnace":2,"minecraft:white_bed":1,"minecraft:birch_planks":60,"minecraft:stone_axe":2,"minecraft:air":0,"minecraft:cooked_mutton":7,"minecraft:jungle_planks":28}},"DataVersion":3105}