{"stats":{"minecraft:used":{"minecraft:cooked_mutton":4,"minecraft:water_bucket":7,"minecraft:stone_sword":25,"minecraft:birch_planks":18,"minecraft:stone_pickaxe":146,"minecraft:wooden_pickaxe":44,"minecraft:cooked_salmon":7,"minecraft:torch":10,"minecraft:dirt":8,"minecraft:crafting_table":6,"minecraft:white_bed":1,"minecraft:lava_bucket":9,"minecraft:melon_slice":17,"minecraft:stone_axe":114,"minecraft:cobblestone":27,"minecraft:furnace":5,"minecraft:bucket":16,"minecraft:cooked_beef":1},"minecraft:broken":{"minecraft:stone_pickaxe":1},"minecraft:picked_up":{"minecraft:birch_log":27,"minecraft:cocoa_beans":6,"minecraft:crafting_table":5,"minecraft:feather":3,"minecraft:chicken":4,"minecraft:jungle_log":7,"minecraft:salmon":7,"minecraft:birch_planks":10,"minecraft:oak_log":7,"minecraft:string":4,"minecraft:dirt":8,"minecraft:beef":6,"minecraft:stone_pickaxe":1,"minecraft:melon_slice":43,"minecraft:sugar_cane":19,"minecraft:furnace":3,"minecraft:raw_iron":3,"minecraft:torch":2,"minecraft:jungle_planks":16,"minecraft:white_bed":1,"minecraft:dark_oak_log":26,"minecraft:spider_eye":2,"minecraft:stone_sword":1,"minecraft:stone_axe":1,"minecraft:gray_wool":1,"minecraft:oak_sapling":1,"minecraft:mutton":9,"minecraft:coal":64,"minecraft:white_wool":4,"minecraft:cobblestone":149},"minecraft:killed_by":{"minecraft:player":2},"minecraft:dropped":{"minecraft:bucket":1},"minecraft:mined":{"minecraft:white_bed":1,"minecraft:dark_oak_leaves":2,"minecraft:dark_oak_log":27,"minecraft:torch":2,"minecraft:crafting_table":5,"minecraft:grass_block":4,"minecraft:melon":10,"minecraft:jungle_log":7,"minecraft:cobblestone":9,"minecraft:sugar_cane":8,"minecraft:birch_planks":9,"minecraft:furnace":3,"minecraft:birch_log":27,"minecraft:iron_ore":3,"minecraft:fire":6,"minecraft:birch_leaves":3,"minecraft:grass":24,"minecraft:oak_log":7,"minecraft:coal_ore":40,"minecraft:vine":1,"minecraft:dirt":5,"minecraft:stone":134,"minecraft:oak_leaves":6,"minecraft:fern":1},"minecraft:killed":{"minecraft:salmon":7,"minecraft:spider":2,"minecraft:sheep":5,"minecraft:chicken":4,"minecraft:cow":3},"minecraft:custom":{"minecraft:interact_with_furnace":28,"minecraft:mob_kills":21,"minecraft:interact_with_crafting_table":18,"minecraft:leave_game":2,"minecraft:time_since_death":38217,"minecraft:sleep_in_bed":2,"minecraft:climb_one_cm":2492,"minecraft:time_since_rest":38237,"minecraft:sprint_one_cm":76547,"minecraft:damage_taken":1963,"minecraft:walk_one_cm":69339,"minecraft:drop":1,"minecraft:damage_dealt":1576,"minecraft:swim_one_cm":59417,"minecraft:fly_one_cm":135644,"minecraft:crouch_one_cm":24673,"minecraft:play_time":52905,"minecraft:deaths":3,"minecraft:sneak_time":11637,"minecraft:walk_under_water_one_cm":21485,"minecraft:jump":1062,"minecraft:walk_on_water_one_cm":14780,"minecraft:total_world_time":52905,"minecraft:fall_one_cm":34045},"minecraft:crafted":{"minecraft:cooked_beef":6,"minecraft:oak_planks":28,"minecraft:crafting_table":2,"minecraft:wooden_pickaxe":2,"minecraft:furnace":3,"minecraft:cooked_salmon":7,"minecraft:bucket":1,"minecraft:birch_planks":84,"minecraft:stone_axe":2,"minecraft:cooked_mutton":9,"minecraft:air":0,"minecraft:jungle_planks":28,"minecraft:stick":24,"minecraft:iron_ingot":3,"minecraft:stone_pickaxe":3,"minecraft:stone_sword":2,"minecraft:white_bed":1,"minecraft:torch":20}},"DataVersion":3105}