{"stats":{"minecraft:crafted":{"minecraft:crafting_table":1,"minecraft:stick":8,"minecraft:wooden_pickaxe":1,"minecraft:jungle_planks":48},"minecraft:used":{"minecraft:wooden_pickaxe":3,"minecraft:crafting_table":1},"minecraft:custom":{"minecraft:jump":58,"minecraft:time_since_rest":6668,"minecraft:damage_dealt":80,"minecraft:sprint_one_cm":6121,"minecraft:leave_game":2,"minecraft:play_time":6668,"minecraft:time_since_death":6668,"minecraft:walk_one_cm":2641,"minecraft:sneak_time":4,"minecraft:climb_one_cm":632,"minecraft:total_world_time":6668,"minecraft:interact_with_crafting_table":1,"minecraft:fall_one_cm":476,"minecraft:fly_one_cm":7614},"minecraft:picked_up":{"minecraft:jungle_log":12},"minecraft:mined":{"minecraft:grass":1,"minecraft:vine":6,"minecraft:jungle_log":12}},"DataVersion":3105}