{"stats":{"minecraft:crafted":{"minecraft:crafting_table":2,"minecraft:stick":12,"minecraft:jungle_boat":1,"minecraft:wooden_pickaxe":1,"minecraft:stone_pickaxe":1,"minecraft:stone_sword":1,"minecraft:jungle_planks":48},"minecraft:used":{"minecraft:stone_sword":11,"minecraft:melon_slice":7,"minecraft:stone_pickaxe":20,"minecraft:jungle_log":1,"minecraft:wooden_pickaxe":14,"minecraft:stone_axe":1,"minecraft:dirt":13,"minecraft:crafting_table":4},"minecraft:custom":{"minecraft:time_since_rest":1107,"minecraft:sprint_one_cm":127921,"minecraft:damage_taken":3536,"minecraft:walk_one_cm":71336,"minecraft:mob_kills":4,"minecraft:drop":1,"minecraft:damage_dealt":648,"minecraft:swim_one_cm":889,"minecraft:interact_with_crafting_table":8,"minecraft:fly_one_cm":271378,"minecraft:crouch_one_cm":4780,"minecraft:play_time":43479,"minecraft:deaths":6,"minecraft:sneak_time":1707,"minecraft:walk_under_water_one_cm":5672,"minecraft:jump":1384,"minecraft:leave_game":3,"minecraft:walk_on_water_one_cm":6414,"minecraft:time_since_death":1087,"minecraft:climb_one_cm":10639,"minecraft:total_world_time":43479,"minecraft:fall_one_cm":76561},"minecraft:killed":{"minecraft:sheep":3,"minecraft:chicken":1},"minecraft:picked_up":{"minecraft:raw_iron":6,"minecraft:stick":2,"minecraft:crafting_table":4,"minecraft:smooth_basalt":2,"minecraft:feather":5,"minecraft:chicken":3,"minecraft:jungle_log":24,"minecraft:copper_ingot":1,"minecraft:brown_wool":4,"minecraft:wooden_pickaxe":2,"minecraft:potato":1,"minecraft:jungle_planks":101,"minecraft:dirt":106,"minecraft:raw_copper":28,"minecraft:stone_sword":3,"minecraft:stone_axe":1,"minecraft:wheat_seeds":8,"minecraft:stone_pickaxe":2,"minecraft:jungle_sapling":10,"minecraft:melon_slice":74,"minecraft:mutton":14,"minecraft:coal":18,"minecraft:white_wool":5,"minecraft:cobblestone":13},"minecraft:dropped":{"minecraft:wooden_pickaxe":1},"minecraft:killed_by":{"minecraft:player":1,"minecraft:skeleton":3,"minecraft:spider":1},"minecraft:mined":{"minecraft:iron_ore":3,"minecraft:crafting_table":2,"minecraft:grass":15,"minecraft:coal_ore":9,"minecraft:melon":4,"minecraft:vine":5,"minecraft:jungle_log":13,"minecraft:copper_ore":4,"minecraft:stone":9,"minecraft:fern":3}},"DataVersion":3105}