{"stats":{"minecraft:crafted":{"minecraft:stone_shovel":1,"minecraft:crafting_table":2,"minecraft:jungle_boat":1,"minecraft:wooden_pickaxe":1,"minecraft:furnace":1,"minecraft:air":0,"minecraft:jungle_planks":48,"minecraft:stick":12,"minecraft:iron_ingot":3,"minecraft:stone_pickaxe":1,"minecraft:stone_sword":1},"minecraft:used":{"minecraft:stone_sword":26,"minecraft:stone_pickaxe":37,"minecraft:wooden_pickaxe":14,"minecraft:oak_door":1,"minecraft:dirt":14,"minecraft:crafting_table":4,"minecraft:melon_slice":15,"minecraft:brown_wool":1,"minecraft:jungle_log":1,"minecraft:stone_axe":9,"minecraft:cobblestone":5,"minecraft:furnace":1},"minecraft:custom":{"minecraft:interact_with_furnace":9,"minecraft:mob_kills":7,"minecraft:interact_with_crafting_table":14,"minecraft:leave_game":3,"minecraft:time_since_death":13938,"minecraft:climb_one_cm":12634,"minecraft:time_since_rest":13958,"minecraft:sprint_one_cm":162965,"minecraft:damage_taken":11341,"minecraft:walk_one_cm":101668,"minecraft:drop":11,"minecraft:damage_dealt":1076,"minecraft:swim_one_cm":97356,"minecraft:fly_one_cm":331917,"minecraft:open_chest":12,"minecraft:crouch_one_cm":5526,"minecraft:play_time":79418,"minecraft:deaths":13,"minecraft:sneak_time":2434,"minecraft:walk_under_water_one_cm":36402,"minecraft:boat_one_cm":442977,"minecraft:jump":1776,"minecraft:walk_on_water_one_cm":19982,"minecraft:total_world_time":79418,"minecraft:fall_one_cm":158187},"minecraft:killed":{"minecraft:salmon":1,"minecraft:sheep":4,"minecraft:mooshroom":1,"minecraft:chicken":1},"minecraft:picked_up":{"minecraft:crafting_table":7,"minecraft:jungle_boat":4,"minecraft:feather":15,"minecraft:chicken":3,"minecraft:suspicious_stew":1,"minecraft:jungle_log":24,"minecraft:water_bucket":1,"minecraft:salmon":3,"minecraft:leather":1,"minecraft:brown_wool":8,"minecraft:brown_mushroom":9,"minecraft:wooden_pickaxe":2,"minecraft:potato":11,"minecraft:oak_log":3,"minecraft:dirt":187,"minecraft:paper":2,"minecraft:raw_copper":84,"minecraft:kelp":8,"minecraft:wheat_seeds":23,"minecraft:beef":3,"minecraft:iron_ingot":6,"minecraft:stone_pickaxe":6,"minecraft:jungle_sapling":18,"minecraft:melon_slice":146,"minecraft:sugar_cane":7,"minecraft:chest":1,"minecraft:furnace":3,"minecraft:stick":12,"minecraft:raw_iron":12,"minecraft:smooth_basalt":10,"minecraft:oak_door":2,"minecraft:copper_ingot":6,"minecraft:jungle_planks":205,"minecraft:spruce_log":1,"minecraft:stone_sword":12,"minecraft:stone_shovel":4,"minecraft:stone_axe":5,"minecraft:gray_wool":2,"minecraft:mutton":41,"minecraft:coal":52,"minecraft:white_wool":13,"minecraft:cobblestone":66},"minecraft:dropped":{"minecraft:water_bucket":1,"minecraft:kelp":8,"minecraft:chest":1,"minecraft:wooden_pickaxe":1},"minecraft:killed_by":{"minecraft:player":1,"minecraft:skeleton":3,"minecraft:spider":1,"minecraft:drowned":3},"minecraft:mined":{"minecraft:brown_mushroom":9,"minecraft:oak_door":2,"minecraft:kelp_plant":1,"minecraft:crafting_table":3,"minecraft:grass_block":2,"minecraft:melon":4,"minecraft:jungle_log":13,"minecraft:copper_ore":4,"minecraft:sugar_cane":4,"minecraft:furnace":1,"minecraft:iron_ore":3,"minecraft:spruce_log":2,"minecraft:grass":15,"minecraft:oak_log":3,"minecraft:coal_ore":9,"minecraft:vine":5,"minecraft:dirt":1,"minecraft:stone":23,"minecraft:fern":3}},"DataVersion":3105}