{"stats":{"minecraft:used":{"minecraft:crafting_table":1,"minecraft:jungle_log":1,"minecraft:wooden_pickaxe":7},"minecraft:picked_up":{"minecraft:stick":2,"minecraft:feather":3,"minecraft:chicken":3,"minecraft:jungle_log":24,"minecraft:brown_wool":2,"minecraft:wheat_seeds":4,"minecraft:wooden_pickaxe":1,"minecraft:jungle_planks":35,"minecraft:jungle_sapling":6,"minecraft:white_wool":2,"minecraft:melon_slice":31,"minecraft:mutton":6,"minecraft:dirt":44},"minecraft:killed_by":{"minecraft:skeleton":1,"minecraft:spider":1},"minecraft:mined":{"minecraft:grass":14,"minecraft:melon":4,"minecraft:vine":5,"minecraft:jungle_log":13,"minecraft:fern":3},"minecraft:killed":{"minecraft:sheep":2,"minecraft:chicken":1},"minecraft:custom":{"minecraft:time_since_rest":2703,"minecraft:deaths":2,"minecraft:crouch_one_cm":2109,"minecraft:sprint_one_cm":57955,"minecraft:play_time":25183,"minecraft:damage_taken":520,"minecraft:walk_one_cm":37583,"minecraft:sneak_time":1019,"minecraft:mob_kills":3,"minecraft:jump":699,"minecraft:damage_dealt":210,"minecraft:leave_game":2,"minecraft:time_since_death":2683,"minecraft:total_world_time":25183,"minecraft:climb_one_cm":7007,"minecraft:interact_with_crafting_table":2,"minecraft:fly_one_cm":126049,"minecraft:fall_one_cm":23361},"minecraft:crafted":{"minecraft:crafting_table":1,"minecraft:stick":4,"minecraft:wooden_pickaxe":1,"minecraft:jungle_planks":44}},"DataVersion":3105}