{"stats":{"minecraft:crafted":{"minecraft:stone_shovel":1,"minecraft:crafting_table":4,"minecraft:iron_nugget":9,"minecraft:spruce_planks":4,"minecraft:jungle_boat":1,"minecraft:wooden_pickaxe":3,"minecraft:iron_helmet":1,"minecraft:iron_sword":1,"minecraft:furnace":1,"minecraft:stone_axe":1,"minecraft:air":0,"minecraft:jungle_planks":48,"minecraft:iron_boots":1,"minecraft:iron_chestplate":1,"minecraft:shield":1,"minecraft:stick":32,"minecraft:iron_ingot":3,"minecraft:stone_pickaxe":2,"minecraft:iron_pickaxe":1,"minecraft:stone_sword":2,"minecraft:iron_shovel":1,"minecraft:iron_leggings":1,"minecraft:white_bed":1,"minecraft:acacia_planks":24},"minecraft:custom":{"minecraft:interact_with_furnace":10,"minecraft:mob_kills":21,"minecraft:interact_with_crafting_table":28,"minecraft:leave_game":3,"minecraft:time_since_death":13220,"minecraft:climb_one_cm":12928,"minecraft:time_since_rest":13240,"minecraft:sprint_one_cm":272273,"minecraft:damage_taken":12174,"minecraft:walk_one_cm":195105,"minecraft:damage_blocked_by_shield":80,"minecraft:drop":34,"minecraft:damage_dealt":2798,"minecraft:swim_one_cm":123179,"minecraft:fly_one_cm":703855,"minecraft:open_chest":18,"minecraft:crouch_one_cm":13090,"minecraft:sneak_time":5390,"minecraft:play_time":121335,"minecraft:deaths":18,"minecraft:walk_under_water_one_cm":46901,"minecraft:boat_one_cm":498603,"minecraft:jump":2976,"minecraft:interact_with_blast_furnace":2,"minecraft:walk_on_water_one_cm":32416,"minecraft:total_world_time":121335,"minecraft:fall_one_cm":195537},"minecraft:used":{"minecraft:stone_sword":70,"minecraft:iron_shovel":4,"minecraft:stone_pickaxe":47,"minecraft:shield":2,"minecraft:wooden_pickaxe":27,"minecraft:iron_sword":7,"minecraft:oak_door":2,"minecraft:dirt":14,"minecraft:crafting_table":8,"minecraft:white_bed":2,"minecraft:brown_wool":1,"minecraft:melon_slice":15,"minecraft:iron_pickaxe":40,"minecraft:jungle_log":1,"minecraft:stone_axe":38,"minecraft:smooth_basalt":2,"minecraft:cobblestone":13,"minecraft:furnace":1,"minecraft:porkchop":1},"minecraft:killed":{"minecraft:pig":1,"minecraft:salmon":1,"minecraft:sheep":9,"minecraft:skeleton":2,"minecraft:chicken":2,"minecraft:mooshroom":1,"minecraft:cow":5},"minecraft:picked_up":{"minecraft:andesite":2,"minecraft:crafting_table":12,"minecraft:wheat":11,"minecraft:jungle_boat":8,"minecraft:feather":39,"minecraft:jungle_log":24,"minecraft:water_bucket":1,"minecraft:chicken":6,"minecraft:suspicious_stew":7,"minecraft:glow_ink_sac":1,"minecraft:salmon":3,"minecraft:leather":7,"minecraft:brown_wool":8,"minecraft:brown_mushroom":9,"minecraft:wooden_pickaxe":2,"minecraft:potato":29,"minecraft:filled_map":4,"minecraft:oak_log":39,"minecraft:shield":1,"minecraft:dirt":187,"minecraft:paper":4,"minecraft:raw_copper":126,"minecraft:iron_shovel":1,"minecraft:bone":2,"minecraft:kelp":8,"minecraft:wheat_seeds":28,"minecraft:beef":24,"minecraft:iron_ingot":43,"minecraft:stone_pickaxe":11,"minecraft:jungle_sapling":24,"minecraft:iron_nugget":19,"minecraft:iron_pickaxe":1,"minecraft:melon_slice":146,"minecraft:moss_block":3,"minecraft:sugar_cane":27,"minecraft:chest":1,"minecraft:iron_sword":1,"minecraft:acacia_sapling":1,"minecraft:iron_boots":1,"minecraft:furnace":3,"minecraft:stick":12,"minecraft:raw_iron":36,"minecraft:smooth_basalt":14,"minecraft:oak_door":5,"minecraft:pumpkin":16,"minecraft:copper_ingot":9,"minecraft:acacia_log":6,"minecraft:porkchop":6,"minecraft:jungle_planks":271,"minecraft:white_bed":1,"minecraft:spruce_log":3,"minecraft:carrot":28,"minecraft:leather_helmet":7,"minecraft:stone_sword":21,"minecraft:arrow":4,"minecraft:rotten_flesh":8,"minecraft:stone_shovel":7,"minecraft:stone_axe":8,"minecraft:iron_helmet":1,"minecraft:gray_wool":4,"minecraft:gold_ingot":3,"minecraft:emerald":18,"minecraft:mutton":81,"minecraft:coal":81,"minecraft:white_wool":22,"minecraft:cobblestone":162,"minecraft:sunflower":1},"minecraft:dropped":{"minecraft:water_bucket":1,"minecraft:kelp":8,"minecraft:glow_ink_sac":1,"minecraft:stone_sword":7,"minecraft:rotten_flesh":8,"minecraft:suspicious_stew":2,"minecraft:stick":3,"minecraft:sunflower":1,"minecraft:chest":1,"minecraft:jungle_boat":2,"minecraft:wooden_pickaxe":1,"minecraft:stone_pickaxe":4},"minecraft:killed_by":{"minecraft:player":1,"minecraft:skeleton":4,"minecraft:creeper":1,"minecraft:spider":1,"minecraft:zombie":1,"minecraft:drowned":3},"minecraft:mined":{"minecraft:dark_oak_planks":1,"minecraft:acacia_leaves":4,"minecraft:white_bed":1,"minecraft:brown_mushroom":9,"minecraft:kelp_plant":1,"minecraft:oak_door":4,"minecraft:crafting_table":7,"minecraft:acacia_log":6,"minecraft:grass_block":5,"minecraft:melon":4,"minecraft:jungle_log":13,"minecraft:copper_ore":4,"minecraft:tall_grass":5,"minecraft:lapis_ore":1,"minecraft:sugar_cane":10,"minecraft:furnace":1,"minecraft:iron_ore":15,"minecraft:spruce_log":2,"minecraft:pumpkin":8,"minecraft:grass":83,"minecraft:coal_ore":26,"minecraft:oak_log":12,"minecraft:vine":5,"minecraft:sunflower":1,"minecraft:dirt":2,"minecraft:stone":55,"minecraft:fern":3}},"DataVersion":3105}