{"stats":{"minecraft:crafted":{"minecraft:stone_shovel":1,"minecraft:crafting_table":2,"minecraft:stick":12,"minecraft:jungle_boat":1,"minecraft:iron_ingot":3,"minecraft:wooden_pickaxe":1,"minecraft:stone_pickaxe":1,"minecraft:stone_sword":1,"minecraft:furnace":1,"minecraft:air":0,"minecraft:jungle_planks":48},"minecraft:used":{"minecraft:stone_sword":20,"minecraft:melon_slice":10,"minecraft:stone_pickaxe":37,"minecraft:brown_wool":1,"minecraft:jungle_log":1,"minecraft:wooden_pickaxe":14,"minecraft:stone_axe":2,"minecraft:dirt":14,"minecraft:crafting_table":4,"minecraft:furnace":1},"minecraft:custom":{"minecraft:time_since_rest":4012,"minecraft:interact_with_furnace":9,"minecraft:sprint_one_cm":156388,"minecraft:damage_taken":8841,"minecraft:walk_one_cm":90616,"minecraft:mob_kills":6,"minecraft:drop":1,"minecraft:damage_dealt":976,"minecraft:swim_one_cm":68138,"minecraft:interact_with_crafting_table":14,"minecraft:fly_one_cm":318279,"minecraft:crouch_one_cm":5366,"minecraft:play_time":55450,"minecraft:deaths":11,"minecraft:sneak_time":1981,"minecraft:walk_under_water_one_cm":10419,"minecraft:jump":1687,"minecraft:leave_game":3,"minecraft:walk_on_water_one_cm":13533,"minecraft:time_since_death":3992,"minecraft:climb_one_cm":12634,"minecraft:total_world_time":55450,"minecraft:fall_one_cm":135174},"minecraft:killed":{"minecraft:sheep":4,"minecraft:chicken":1,"minecraft:salmon":1},"minecraft:picked_up":{"minecraft:raw_iron":12,"minecraft:stick":12,"minecraft:crafting_table":7,"minecraft:jungle_boat":4,"minecraft:smooth_basalt":10,"minecraft:feather":9,"minecraft:chicken":3,"minecraft:salmon":3,"minecraft:jungle_log":24,"minecraft:copper_ingot":5,"minecraft:brown_wool":8,"minecraft:wooden_pickaxe":2,"minecraft:potato":5,"minecraft:jungle_planks":205,"minecraft:dirt":187,"minecraft:raw_copper":84,"minecraft:stone_shovel":3,"minecraft:stone_sword":11,"minecraft:stone_axe":5,"minecraft:wheat_seeds":18,"minecraft:iron_ingot":6,"minecraft:stone_pickaxe":6,"minecraft:gray_wool":1,"minecraft:jungle_sapling":18,"minecraft:melon_slice":146,"minecraft:mutton":35,"minecraft:coal":52,"minecraft:white_wool":13,"minecraft:cobblestone":66,"minecraft:furnace":3},"minecraft:dropped":{"minecraft:wooden_pickaxe":1},"minecraft:killed_by":{"minecraft:player":1,"minecraft:drowned":3,"minecraft:skeleton":3,"minecraft:spider":1},"minecraft:mined":{"minecraft:furnace":1,"minecraft:iron_ore":3,"minecraft:crafting_table":3,"minecraft:grass":15,"minecraft:grass_block":2,"minecraft:coal_ore":9,"minecraft:melon":4,"minecraft:vine":5,"minecraft:jungle_log":13,"minecraft:dirt":1,"minecraft:copper_ore":4,"minecraft:stone":23,"minecraft:fern":3}},"DataVersion":3105}