{"stats":{"minecraft:used":{"minecraft:jungle_log":1},"minecraft:picked_up":{"minecraft:jungle_sapling":2,"minecraft:jungle_log":9},"minecraft:mined":{"minecraft:grass":4,"minecraft:vine":3,"minecraft:jungle_log":9,"minecraft:fern":2},"minecraft:custom":{"minecraft:jump":115,"minecraft:time_since_rest":13196,"minecraft:damage_taken":15,"minecraft:crouch_one_cm":798,"minecraft:play_time":13196,"minecraft:leave_game":2,"minecraft:sprint_one_cm":7776,"minecraft:time_since_death":13196,"minecraft:walk_one_cm":11492,"minecraft:sneak_time":535,"minecraft:climb_one_cm":1939,"minecraft:total_world_time":13196,"minecraft:fall_one_cm":3638,"minecraft:fly_one_cm":12468}},"DataVersion":3105}