{"stats":{"minecraft:crafted":{"minecraft:stone_shovel":1,"minecraft:iron_nugget":9,"minecraft:crafting_table":3,"minecraft:spruce_planks":4,"minecraft:jungle_boat":1,"minecraft:wooden_pickaxe":1,"minecraft:iron_helmet":1,"minecraft:iron_sword":1,"minecraft:furnace":1,"minecraft:air":0,"minecraft:jungle_planks":48,"minecraft:iron_boots":1,"minecraft:iron_chestplate":1,"minecraft:shield":1,"minecraft:stick":20,"minecraft:iron_pickaxe":1,"minecraft:iron_ingot":3,"minecraft:stone_pickaxe":1,"minecraft:stone_sword":1,"minecraft:white_bed":1,"minecraft:iron_shovel":1,"minecraft:iron_leggings":1},"minecraft:used":{"minecraft:stone_sword":70,"minecraft:iron_shovel":4,"minecraft:stone_pickaxe":37,"minecraft:wooden_pickaxe":14,"minecraft:iron_sword":3,"minecraft:oak_door":2,"minecraft:dirt":14,"minecraft:crafting_table":6,"minecraft:white_bed":1,"minecraft:iron_pickaxe":40,"minecraft:melon_slice":15,"minecraft:brown_wool":1,"minecraft:jungle_log":1,"minecraft:smooth_basalt":2,"minecraft:stone_axe":37,"minecraft:cobblestone":13,"minecraft:furnace":1,"minecraft:porkchop":1},"minecraft:custom":{"minecraft:interact_with_furnace":9,"minecraft:mob_kills":19,"minecraft:interact_with_crafting_table":23,"minecraft:leave_game":3,"minecraft:time_since_death":11408,"minecraft:climb_one_cm":12928,"minecraft:time_since_rest":11428,"minecraft:sprint_one_cm":229890,"minecraft:damage_taken":11953,"minecraft:walk_one_cm":159991,"minecraft:drop":32,"minecraft:damage_dealt":2518,"minecraft:swim_one_cm":123179,"minecraft:fly_one_cm":475360,"minecraft:open_chest":18,"minecraft:crouch_one_cm":9664,"minecraft:play_time":103393,"minecraft:deaths":16,"minecraft:sneak_time":3736,"minecraft:walk_under_water_one_cm":45041,"minecraft:boat_one_cm":498603,"minecraft:jump":2557,"minecraft:walk_on_water_one_cm":27782,"minecraft:total_world_time":103393,"minecraft:fall_one_cm":184294},"minecraft:killed":{"minecraft:pig":1,"minecraft:salmon":1,"minecraft:skeleton":1,"minecraft:sheep":8,"minecraft:mooshroom":1,"minecraft:chicken":2,"minecraft:cow":5},"minecraft:picked_up":{"minecraft:crafting_table":9,"minecraft:wheat":11,"minecraft:jungle_boat":8,"minecraft:feather":31,"minecraft:chicken":5,"minecraft:suspicious_stew":6,"minecraft:jungle_log":24,"minecraft:water_bucket":1,"minecraft:salmon":3,"minecraft:leather":6,"minecraft:brown_wool":8,"minecraft:brown_mushroom":9,"minecraft:wooden_pickaxe":2,"minecraft:potato":23,"minecraft:filled_map":3,"minecraft:oak_log":27,"minecraft:dirt":187,"minecraft:paper":4,"minecraft:raw_copper":112,"minecraft:bone":1,"minecraft:kelp":8,"minecraft:wheat_seeds":26,"minecraft:beef":24,"minecraft:iron_ingot":43,"minecraft:stone_pickaxe":11,"minecraft:jungle_sapling":22,"minecraft:iron_nugget":10,"minecraft:moss_block":3,"minecraft:melon_slice":146,"minecraft:sugar_cane":27,"minecraft:chest":1,"minecraft:furnace":3,"minecraft:stick":12,"minecraft:raw_iron":24,"minecraft:smooth_basalt":14,"minecraft:oak_door":5,"minecraft:pumpkin":16,"minecraft:copper_ingot":8,"minecraft:porkchop":6,"minecraft:jungle_planks":271,"minecraft:carrot":28,"minecraft:spruce_log":3,"minecraft:leather_helmet":6,"minecraft:arrow":2,"minecraft:stone_sword":21,"minecraft:rotten_flesh":8,"minecraft:stone_shovel":6,"minecraft:stone_axe":7,"minecraft:gray_wool":4,"minecraft:emerald":18,"minecraft:gold_ingot":2,"minecraft:mutton":67,"minecraft:coal":64,"minecraft:white_wool":21,"minecraft:cobblestone":108},"minecraft:dropped":{"minecraft:water_bucket":1,"minecraft:kelp":8,"minecraft:stone_sword":7,"minecraft:rotten_flesh":8,"minecraft:suspicious_stew":2,"minecraft:stick":3,"minecraft:chest":1,"minecraft:jungle_boat":2,"minecraft:stone_pickaxe":4,"minecraft:wooden_pickaxe":1},"minecraft:killed_by":{"minecraft:player":1,"minecraft:skeleton":4,"minecraft:spider":1,"minecraft:zombie":1,"minecraft:drowned":3},"minecraft:mined":{"minecraft:dark_oak_planks":1,"minecraft:white_bed":1,"minecraft:brown_mushroom":9,"minecraft:oak_door":4,"minecraft:kelp_plant":1,"minecraft:crafting_table":5,"minecraft:grass_block":5,"minecraft:melon":4,"minecraft:jungle_log":13,"minecraft:tall_grass":5,"minecraft:copper_ore":4,"minecraft:lapis_ore":1,"minecraft:sugar_cane":10,"minecraft:furnace":1,"minecraft:iron_ore":15,"minecraft:spruce_log":2,"minecraft:pumpkin":8,"minecraft:grass":81,"minecraft:oak_log":12,"minecraft:coal_ore":21,"minecraft:vine":5,"minecraft:dirt":2,"minecraft:stone":38,"minecraft:fern":3}},"DataVersion":3105}