{"stats":{"minecraft:crafted":{"minecraft:crafting_table":2,"minecraft:stick":8,"minecraft:wooden_pickaxe":1,"minecraft:stone_pickaxe":1,"minecraft:stone_sword":1,"minecraft:jungle_planks":48},"minecraft:used":{"minecraft:stone_sword":5,"minecraft:jungle_log":1,"minecraft:wooden_pickaxe":14,"minecraft:crafting_table":2},"minecraft:custom":{"minecraft:time_since_rest":3605,"minecraft:sprint_one_cm":87437,"minecraft:damage_taken":746,"minecraft:walk_one_cm":50915,"minecraft:mob_kills":3,"minecraft:drop":1,"minecraft:damage_dealt":394,"minecraft:interact_with_crafting_table":6,"minecraft:fly_one_cm":193824,"minecraft:crouch_one_cm":2882,"minecraft:play_time":31499,"minecraft:deaths":3,"minecraft:sneak_time":1138,"minecraft:jump":954,"minecraft:leave_game":3,"minecraft:time_since_death":3585,"minecraft:climb_one_cm":7007,"minecraft:total_world_time":31499,"minecraft:fall_one_cm":31856},"minecraft:killed":{"minecraft:sheep":2,"minecraft:chicken":1},"minecraft:picked_up":{"minecraft:stick":2,"minecraft:crafting_table":2,"minecraft:feather":4,"minecraft:chicken":3,"minecraft:jungle_log":24,"minecraft:brown_wool":3,"minecraft:wooden_pickaxe":2,"minecraft:jungle_planks":68,"minecraft:dirt":75,"minecraft:stone_sword":1,"minecraft:wheat_seeds":6,"minecraft:stone_pickaxe":1,"minecraft:jungle_sapling":8,"minecraft:melon_slice":56,"minecraft:mutton":9,"minecraft:white_wool":3,"minecraft:cobblestone":5},"minecraft:dropped":{"minecraft:wooden_pickaxe":1},"minecraft:killed_by":{"minecraft:player":1,"minecraft:skeleton":1,"minecraft:spider":1},"minecraft:mined":{"minecraft:crafting_table":1,"minecraft:grass":15,"minecraft:melon":4,"minecraft:vine":5,"minecraft:jungle_log":13,"minecraft:stone":5,"minecraft:fern":3}},"DataVersion":3105}