{"stats":{"minecraft:crafted":{"minecraft:stone_shovel":1,"minecraft:iron_nugget":9,"minecraft:furnace":2,"minecraft:cooked_mutton":14,"minecraft:iron_boots":1,"minecraft:stone_pickaxe":2,"minecraft:crafting_table":5,"minecraft:spruce_planks":4,"minecraft:jungle_boat":1,"minecraft:wooden_pickaxe":3,"minecraft:iron_helmet":1,"minecraft:iron_sword":1,"minecraft:bucket":2,"minecraft:stone_axe":1,"minecraft:air":0,"minecraft:jungle_planks":48,"minecraft:iron_chestplate":2,"minecraft:shield":1,"minecraft:stick":40,"minecraft:iron_ingot":23,"minecraft:iron_pickaxe":2,"minecraft:stone_sword":2,"minecraft:iron_shovel":1,"minecraft:iron_leggings":2,"minecraft:white_bed":1,"minecraft:acacia_planks":24,"minecraft:torch":20},"minecraft:custom":{"minecraft:mob_kills":25,"minecraft:interact_with_crafting_table":36,"minecraft:leave_game":3,"minecraft:time_since_death":79220,"minecraft:climb_one_cm":12928,"minecraft:sprint_one_cm":345258,"minecraft:walk_one_cm":361046,"minecraft:damage_blocked_by_shield":80,"minecraft:drop":48,"minecraft:play_time":187335,"minecraft:deaths":18,"minecraft:sneak_time":12060,"minecraft:walk_under_water_one_cm":47717,"minecraft:boat_one_cm":498603,"minecraft:jump":3910,"minecraft:interact_with_blast_furnace":2,"minecraft:walk_on_water_one_cm":34154,"minecraft:total_world_time":187335,"minecraft:interact_with_furnace":66,"minecraft:time_since_rest":79240,"minecraft:damage_taken":12343,"minecraft:damage_dealt":3418,"minecraft:swim_one_cm":123179,"minecraft:fly_one_cm":776043,"minecraft:open_chest":25,"minecraft:crouch_one_cm":36931,"minecraft:fall_one_cm":212034},"minecraft:used":{"minecraft:stone_sword":70,"minecraft:iron_shovel":4,"minecraft:shield":2,"minecraft:iron_sword":20,"minecraft:oak_door":2,"minecraft:torch":15,"minecraft:dirt":14,"minecraft:jungle_log":1,"minecraft:smooth_basalt":2,"minecraft:furnace":3,"minecraft:iron_leggings":1,"minecraft:cooked_mutton":8,"minecraft:stone_pickaxe":63,"minecraft:wooden_pickaxe":27,"minecraft:crafting_table":11,"minecraft:white_bed":3,"minecraft:melon_slice":15,"minecraft:brown_wool":1,"minecraft:iron_pickaxe":302,"minecraft:stone_axe":38,"minecraft:cobblestone":28,"minecraft:porkchop":1},"minecraft:broken":{"minecraft:iron_pickaxe":1},"minecraft:killed":{"minecraft:cave_spider":1,"minecraft:spider":2,"minecraft:skeleton":3,"minecraft:chicken":2,"minecraft:pig":1,"minecraft:salmon":1,"minecraft:sheep":9,"minecraft:mooshroom":1,"minecraft:cow":5},"minecraft:picked_up":{"minecraft:crafting_table":12,"minecraft:wheat":11,"minecraft:chicken":6,"minecraft:suspicious_stew":7,"minecraft:brown_mushroom":9,"minecraft:wooden_pickaxe":2,"minecraft:shield":1,"minecraft:raw_copper":145,"minecraft:iron_shovel":1,"minecraft:cobbled_deepslate":104,"minecraft:beef":24,"minecraft:jungle_sapling":24,"minecraft:iron_nugget":19,"minecraft:iron_pickaxe":2,"minecraft:melon_slice":146,"minecraft:sugar_cane":27,"minecraft:chest":1,"minecraft:iron_boots":1,"minecraft:furnace":5,"minecraft:raw_iron":96,"minecraft:stick":12,"minecraft:oak_door":5,"minecraft:copper_ingot":9,"minecraft:torch":11,"minecraft:acacia_log":6,"minecraft:porkchop":6,"minecraft:carrot":28,"minecraft:stone_shovel":7,"minecraft:rotten_flesh":8,"minecraft:stone_sword":21,"minecraft:arrow":4,"minecraft:gold_ingot":3,"minecraft:mutton":81,"minecraft:rail":2,"minecraft:white_wool":22,"minecraft:cobblestone":215,"minecraft:jungle_boat":8,"minecraft:feather":47,"minecraft:salmon":3,"minecraft:glow_ink_sac":1,"minecraft:water_bucket":1,"minecraft:jungle_log":24,"minecraft:andesite":2,"minecraft:brown_wool":8,"minecraft:leather":7,"minecraft:potato":29,"minecraft:filled_map":4,"minecraft:oak_log":39,"minecraft:lapis_lazuli":20,"minecraft:dirt":187,"minecraft:paper":4,"minecraft:bone":5,"minecraft:kelp":8,"minecraft:wheat_seeds":28,"minecraft:stone_pickaxe":11,"minecraft:iron_ingot":43,"minecraft:moss_block":3,"minecraft:iron_sword":1,"minecraft:acacia_sapling":1,"minecraft:smooth_basalt":14,"minecraft:pumpkin":16,"minecraft:jungle_planks":271,"minecraft:spruce_log":3,"minecraft:white_bed":2,"minecraft:leather_helmet":7,"minecraft:diamond":1,"minecraft:stone_axe":8,"minecraft:iron_helmet":1,"minecraft:gray_wool":4,"minecraft:emerald":18,"minecraft:coal":86,"minecraft:sunflower":1},"minecraft:dropped":{"minecraft:water_bucket":1,"minecraft:wheat_seeds":2,"minecraft:glow_ink_sac":1,"minecraft:feather":16,"minecraft:stick":7,"minecraft:sunflower":1,"minecraft:jungle_boat":2,"minecraft:iron_pickaxe":1,"minecraft:white_wool":1,"minecraft:kelp":8,"minecraft:stone_sword":7,"minecraft:cobbled_deepslate":12,"minecraft:rotten_flesh":8,"minecraft:pumpkin_seeds":2,"minecraft:suspicious_stew":2,"minecraft:chest":1,"minecraft:arrow":2,"minecraft:stone_pickaxe":4,"minecraft:wooden_pickaxe":1},"minecraft:killed_by":{"minecraft:player":1,"minecraft:creeper":1,"minecraft:spider":1,"minecraft:drowned":3,"minecraft:skeleton":4,"minecraft:zombie":1},"minecraft:mined":{"minecraft:dark_oak_planks":1,"minecraft:tuff":10,"minecraft:white_bed":2,"minecraft:deepslate_diamond_ore":1,"minecraft:oak_door":4,"minecraft:granite":3,"minecraft:acacia_log":6,"minecraft:grass_block":5,"minecraft:jungle_log":13,"minecraft:furnace":3,"minecraft:iron_ore":27,"minecraft:cobbled_deepslate":16,"minecraft:pumpkin":8,"minecraft:deepslate_lapis_ore":2,"minecraft:deepslate_iron_ore":49,"minecraft:vine":5,"minecraft:stone":103,"minecraft:brown_mushroom":9,"minecraft:acacia_leaves":4,"minecraft:kelp_plant":1,"minecraft:torch":3,"minecraft:crafting_table":7,"minecraft:melon":4,"minecraft:tall_grass":5,"minecraft:copper_ore":4,"minecraft:cobblestone":7,"minecraft:lapis_ore":2,"minecraft:sugar_cane":10,"minecraft:wall_torch":8,"minecraft:deepslate_copper_ore":6,"minecraft:spruce_log":2,"minecraft:grass":83,"minecraft:oak_log":12,"minecraft:coal_ore":31,"minecraft:sunflower":1,"minecraft:dirt":8,"minecraft:deepslate":114,"minecraft:fern":3}},"DataVersion":3105}