{"stats":{"minecraft:crafted":{"minecraft:oak_planks":44,"minecraft:crafting_table":1,"minecraft:stick":8,"minecraft:wooden_pickaxe":1,"minecraft:stone_pickaxe":1,"minecraft:stone_axe":1},"minecraft:used":{"minecraft:stone_pickaxe":23,"minecraft:oak_planks":3,"minecraft:wooden_pickaxe":44,"minecraft:gravel":10,"minecraft:stone_axe":52,"minecraft:dirt":5,"minecraft:crafting_table":1,"minecraft:oak_sapling":1},"minecraft:custom":{"minecraft:time_since_rest":6071,"minecraft:sprint_one_cm":69823,"minecraft:damage_taken":700,"minecraft:walk_one_cm":29176,"minecraft:mob_kills":8,"minecraft:drop":6,"minecraft:damage_dealt":1968,"minecraft:interact_with_crafting_table":3,"minecraft:swim_one_cm":13815,"minecraft:fly_one_cm":74534,"minecraft:crouch_one_cm":736,"minecraft:play_time":19169,"minecraft:deaths":2,"minecraft:sneak_time":612,"minecraft:walk_under_water_one_cm":631,"minecraft:boat_one_cm":15199,"minecraft:jump":373,"minecraft:leave_game":2,"minecraft:walk_on_water_one_cm":3924,"minecraft:time_since_death":6051,"minecraft:climb_one_cm":777,"minecraft:total_world_time":19169,"minecraft:fall_one_cm":9125},"minecraft:broken":{"minecraft:wooden_pickaxe":1},"minecraft:killed":{"minecraft:sheep":1,"minecraft:skeleton":1,"minecraft:zombie":4,"minecraft:turtle":2},"minecraft:picked_up":{"minecraft:birch_log":1,"minecraft:seagrass":2,"minecraft:stick":2,"minecraft:gravel":46,"minecraft:lava_bucket":1,"minecraft:sand":4,"minecraft:flint":2,"minecraft:oak_log":11,"minecraft:spruce_log":26,"minecraft:string":1,"minecraft:dirt":39,"minecraft:bone":2,"minecraft:arrow":2,"minecraft:rotten_flesh":10,"minecraft:stone_axe":2,"minecraft:stone_pickaxe":2,"minecraft:oak_sapling":1,"minecraft:mutton":1,"minecraft:sugar_cane":12,"minecraft:oak_planks":60,"minecraft:coal":21,"minecraft:white_wool":1,"minecraft:cobblestone":77},"minecraft:dropped":{"minecraft:seagrass":1,"minecraft:rotten_flesh":10,"minecraft:birch_log":1},"minecraft:killed_by":{"minecraft:player":1,"minecraft:skeleton":1},"minecraft:mined":{"minecraft:spruce_log":13,"minecraft:birch_leaves":1,"minecraft:grass":2,"minecraft:coal_ore":21,"minecraft:grass_block":1,"minecraft:oak_log":11,"minecraft:sand":15,"minecraft:gravel":29,"minecraft:dirt":3,"minecraft:spruce_leaves":2,"minecraft:stone":30,"minecraft:sugar_cane":2,"minecraft:sandstone":1,"minecraft:oak_leaves":3}},"DataVersion":3105}