{"stats":{"minecraft:crafted":{"minecraft:oak_planks":44,"minecraft:crafting_table":1,"minecraft:stick":8,"minecraft:wooden_pickaxe":1},"minecraft:used":{"minecraft:crafting_table":1,"minecraft:oak_sapling":1,"minecraft:oak_planks":3,"minecraft:wooden_pickaxe":19},"minecraft:custom":{"minecraft:time_since_rest":6090,"minecraft:play_time":6090,"minecraft:sprint_one_cm":22912,"minecraft:damage_taken":150,"minecraft:walk_one_cm":4824,"minecraft:sneak_time":15,"minecraft:walk_under_water_one_cm":423,"minecraft:mob_kills":1,"minecraft:drop":1,"minecraft:jump":85,"minecraft:damage_dealt":198,"minecraft:time_since_death":6090,"minecraft:leave_game":1,"minecraft:walk_on_water_one_cm":1423,"minecraft:total_world_time":6090,"minecraft:climb_one_cm":777,"minecraft:swim_one_cm":1168,"minecraft:interact_with_crafting_table":1,"minecraft:fall_one_cm":3099,"minecraft:fly_one_cm":17812},"minecraft:killed":{"minecraft:zombie":1},"minecraft:picked_up":{"minecraft:rotten_flesh":2,"minecraft:oak_log":11,"minecraft:oak_sapling":1,"minecraft:sugar_cane":4,"minecraft:dirt":4,"minecraft:cobblestone":4},"minecraft:dropped":{"minecraft:rotten_flesh":2},"minecraft:mined":{"minecraft:grass":2,"minecraft:grass_block":1,"minecraft:oak_log":11,"minecraft:dirt":3,"minecraft:stone":4,"minecraft:birch_leaves":1,"minecraft:sugar_cane":2,"minecraft:oak_leaves":3}},"DataVersion":3105}