{"stats":{"minecraft:used":{"minecraft:stone_sword":39,"minecraft:stone_pickaxe":123,"minecraft:wooden_pickaxe":12,"minecraft:iron_sword":46,"minecraft:rotten_flesh":8,"minecraft:dirt":4,"minecraft:crafting_table":6,"minecraft:blast_furnace":1,"minecraft:dripstone_block":2,"minecraft:granite":3,"minecraft:wooden_axe":15,"minecraft:lava_bucket":2,"minecraft:iron_axe":2,"minecraft:melon_slice":52,"minecraft:iron_pickaxe":148,"minecraft:stone_axe":6,"minecraft:wooden_sword":12,"minecraft:cobblestone":51,"minecraft:furnace":1,"minecraft:bucket":3,"minecraft:andesite":4},"minecraft:broken":{"minecraft:stone_pickaxe":1},"minecraft:picked_up":{"minecraft:crafting_table":8,"minecraft:jungle_log":4,"minecraft:andesite":4,"minecraft:potato":1,"minecraft:amethyst_block":3,"minecraft:string":1,"minecraft:dirt":5,"minecraft:wooden_sword":2,"minecraft:bone":14,"minecraft:wheat_seeds":5,"minecraft:raw_gold":9,"minecraft:stone_pickaxe":1,"minecraft:calcite":1,"minecraft:melon_slice":147,"minecraft:iron_sword":1,"minecraft:furnace":2,"minecraft:stick":11,"minecraft:raw_iron":124,"minecraft:smooth_basalt":2,"minecraft:dripstone_block":8,"minecraft:jungle_planks":16,"minecraft:amethyst_shard":12,"minecraft:blast_furnace":1,"minecraft:pointed_dripstone":114,"minecraft:rotten_flesh":9,"minecraft:stone_sword":1,"minecraft:arrow":15,"minecraft:stone_axe":1,"minecraft:granite":3,"minecraft:coal":55,"minecraft:cobblestone":70},"minecraft:killed_by":{"minecraft:player":1,"minecraft:skeleton":1,"minecraft:creeper":1},"minecraft:dropped":{"minecraft:iron_sword":1,"minecraft:wheat_seeds":2,"minecraft:wooden_axe":1,"minecraft:wooden_sword":1,"minecraft:wooden_pickaxe":1,"minecraft:string":1},"minecraft:mined":{"minecraft:large_amethyst_bud":1,"minecraft:amethyst_cluster":3,"minecraft:crafting_table":7,"minecraft:granite":3,"minecraft:blast_furnace":1,"minecraft:grass_block":1,"minecraft:calcite":1,"minecraft:melon":13,"minecraft:jungle_log":2,"minecraft:amethyst_block":3,"minecraft:furnace":1,"minecraft:iron_ore":122,"minecraft:andesite":4,"minecraft:grass":12,"minecraft:pointed_dripstone":20,"minecraft:coal_ore":42,"minecraft:vine":2,"minecraft:dirt":2,"minecraft:dripstone_block":3,"minecraft:smooth_basalt":2,"minecraft:stone":60,"minecraft:gold_ore":9,"minecraft:fern":4},"minecraft:killed":{"minecraft:creeper":1,"minecraft:skeleton":10,"minecraft:zombie":13},"minecraft:custom":{"minecraft:interact_with_furnace":7,"minecraft:mob_kills":24,"minecraft:interact_with_crafting_table":16,"minecraft:time_since_death":111460,"minecraft:climb_one_cm":442,"minecraft:time_since_rest":111480,"minecraft:sprint_one_cm":29458,"minecraft:damage_taken":1858,"minecraft:walk_one_cm":181605,"minecraft:drop":7,"minecraft:damage_dealt":5393,"minecraft:swim_one_cm":58035,"minecraft:fly_one_cm":71375,"minecraft:crouch_one_cm":8315,"minecraft:play_time":131975,"minecraft:deaths":3,"minecraft:sneak_time":3795,"minecraft:walk_under_water_one_cm":14083,"minecraft:jump":878,"minecraft:interact_with_blast_furnace":15,"minecraft:walk_on_water_one_cm":26681,"minecraft:total_world_time":131975,"minecraft:fall_one_cm":26454},"minecraft:crafted":{"minecraft:smooth_stone":3,"minecraft:wooden_pickaxe":1,"minecraft:iron_helmet":1,"minecraft:iron_sword":1,"minecraft:furnace":1,"minecraft:blast_furnace":1,"minecraft:stone":3,"minecraft:bucket":1,"minecraft:stone_axe":1,"minecraft:air":0,"minecraft:jungle_planks":8,"minecraft:iron_boots":1,"minecraft:iron_chestplate":1,"minecraft:iron_axe":1,"minecraft:stick":20,"minecraft:iron_ingot":46,"minecraft:iron_pickaxe":1,"minecraft:stone_pickaxe":1,"minecraft:wooden_axe":1,"minecraft:stone_sword":1,"minecraft:iron_leggings":1}},"DataVersion":3105}