{"stats":{"minecraft:crafted":{"minecraft:oak_door":3,"minecraft:smooth_stone":3,"minecraft:jungle_boat":1,"minecraft:wooden_pickaxe":1,"minecraft:iron_helmet":1,"minecraft:iron_sword":1,"minecraft:furnace":1,"minecraft:blast_furnace":1,"minecraft:stone":3,"minecraft:bucket":1,"minecraft:stone_axe":1,"minecraft:air":0,"minecraft:jungle_planks":20,"minecraft:iron_boots":1,"minecraft:iron_chestplate":1,"minecraft:iron_axe":1,"minecraft:stick":20,"minecraft:iron_ingot":46,"minecraft:iron_pickaxe":1,"minecraft:stone_pickaxe":1,"minecraft:wooden_axe":1,"minecraft:stone_sword":1,"minecraft:iron_leggings":1},"minecraft:used":{"minecraft:stone_sword":39,"minecraft:stone_pickaxe":123,"minecraft:oak_planks":1,"minecraft:chest":2,"minecraft:wooden_pickaxe":12,"minecraft:iron_sword":59,"minecraft:jungle_boat":2,"minecraft:rotten_flesh":8,"minecraft:oak_door":4,"minecraft:dirt":14,"minecraft:crafting_table":8,"minecraft:blast_furnace":1,"minecraft:dripstone_block":8,"minecraft:granite":3,"minecraft:wooden_axe":15,"minecraft:lava_bucket":9,"minecraft:iron_axe":32,"minecraft:melon_slice":93,"minecraft:iron_pickaxe":193,"minecraft:stone_axe":6,"minecraft:wooden_sword":12,"minecraft:cobblestone":73,"minecraft:beef":2,"minecraft:furnace":1,"minecraft:bucket":10,"minecraft:andesite":4},"minecraft:custom":{"minecraft:interact_with_furnace":7,"minecraft:mob_kills":27,"minecraft:interact_with_crafting_table":18,"minecraft:leave_game":2,"minecraft:time_since_death":155857,"minecraft:climb_one_cm":8639,"minecraft:time_since_rest":155877,"minecraft:sprint_one_cm":65436,"minecraft:damage_taken":2571,"minecraft:walk_one_cm":255070,"minecraft:drop":49,"minecraft:damage_dealt":6101,"minecraft:swim_one_cm":153158,"minecraft:fly_one_cm":136383,"minecraft:open_chest":6,"minecraft:crouch_one_cm":13434,"minecraft:play_time":176372,"minecraft:deaths":3,"minecraft:sneak_time":6136,"minecraft:walk_under_water_one_cm":60446,"minecraft:boat_one_cm":428454,"minecraft:jump":1460,"minecraft:interact_with_blast_furnace":15,"minecraft:walk_on_water_one_cm":38719,"minecraft:total_world_time":176372,"minecraft:fall_one_cm":37039},"minecraft:broken":{"minecraft:stone_pickaxe":1},"minecraft:killed":{"minecraft:creeper":1,"minecraft:skeleton":10,"minecraft:zombie":14,"minecraft:drowned":1,"minecraft:cow":1},"minecraft:picked_up":{"minecraft:feather":1,"minecraft:jungle_boat":2,"minecraft:crafting_table":11,"minecraft:salmon":1,"minecraft:suspicious_stew":1,"minecraft:jungle_log":7,"minecraft:water_bucket":2,"minecraft:andesite":4,"minecraft:leather":1,"minecraft:potato":1,"minecraft:gunpowder":5,"minecraft:amethyst_block":9,"minecraft:dirt":35,"minecraft:string":1,"minecraft:raw_copper":14,"minecraft:wooden_sword":2,"minecraft:bone":14,"minecraft:wheat_seeds":6,"minecraft:raw_gold":9,"minecraft:iron_ingot":3,"minecraft:beef":2,"minecraft:stone_pickaxe":2,"minecraft:jungle_sapling":2,"minecraft:calcite":2,"minecraft:moss_block":1,"minecraft:bamboo":14,"minecraft:melon_slice":172,"minecraft:sugar_cane":9,"minecraft:chest":4,"minecraft:oak_planks":7,"minecraft:iron_sword":1,"minecraft:furnace":4,"minecraft:stick":13,"minecraft:raw_iron":124,"minecraft:smooth_basalt":6,"minecraft:oak_door":4,"minecraft:copper_ingot":2,"minecraft:dripstone_block":14,"minecraft:jungle_planks":42,"minecraft:amethyst_shard":12,"minecraft:pointed_dripstone":114,"minecraft:blast_furnace":1,"minecraft:spruce_log":1,"minecraft:carrot":8,"minecraft:leather_helmet":2,"minecraft:stone_sword":3,"minecraft:arrow":24,"minecraft:rotten_flesh":10,"minecraft:stone_axe":3,"minecraft:granite":3,"minecraft:gray_wool":1,"minecraft:coal":63,"minecraft:white_wool":2,"minecraft:cobblestone":119},"minecraft:dropped":{"minecraft:water_bucket":1,"minecraft:furnace":1,"minecraft:iron_sword":1,"minecraft:stone_axe":2,"minecraft:wheat_seeds":2,"minecraft:stone_sword":2,"minecraft:dripstone_block":6,"minecraft:feather":1,"minecraft:amethyst_block":9,"minecraft:copper_ingot":2,"minecraft:potato":1,"minecraft:gray_wool":1,"minecraft:wooden_axe":1,"minecraft:spruce_log":1,"minecraft:wooden_sword":1,"minecraft:arrow":9,"minecraft:wooden_pickaxe":1,"minecraft:calcite":2,"minecraft:string":1,"minecraft:smooth_basalt":4},"minecraft:killed_by":{"minecraft:player":1,"minecraft:skeleton":1,"minecraft:creeper":1},"minecraft:mined":{"minecraft:large_amethyst_bud":1,"minecraft:oak_door":4,"minecraft:amethyst_cluster":3,"minecraft:crafting_table":9,"minecraft:granite":3,"minecraft:blast_furnace":1,"minecraft:grass_block":2,"minecraft:calcite":1,"minecraft:chest":5,"minecraft:melon":16,"minecraft:jungle_log":5,"minecraft:sugar_cane":3,"minecraft:oak_planks":7,"minecraft:amethyst_block":3,"minecraft:furnace":1,"minecraft:iron_ore":122,"minecraft:andesite":4,"minecraft:grass":19,"minecraft:pointed_dripstone":20,"minecraft:coal_ore":42,"minecraft:vine":2,"minecraft:dripstone_block":3,"minecraft:dirt":11,"minecraft:smooth_basalt":2,"minecraft:bamboo":1,"minecraft:stone":105,"minecraft:gold_ore":9,"minecraft:oak_leaves":5,"minecraft:fern":4}},"DataVersion":3105}