{"stats":{"minecraft:crafted":{"minecraft:oak_door":3,"minecraft:smooth_stone":3,"minecraft:jungle_boat":1,"minecraft:wooden_pickaxe":1,"minecraft:iron_helmet":1,"minecraft:iron_sword":1,"minecraft:furnace":1,"minecraft:blast_furnace":1,"minecraft:stone":3,"minecraft:bucket":1,"minecraft:stone_axe":1,"minecraft:air":0,"minecraft:jungle_planks":20,"minecraft:iron_boots":1,"minecraft:iron_chestplate":1,"minecraft:iron_axe":1,"minecraft:stick":20,"minecraft:iron_ingot":46,"minecraft:iron_pickaxe":1,"minecraft:stone_pickaxe":1,"minecraft:wooden_axe":1,"minecraft:stone_sword":1,"minecraft:iron_leggings":1},"minecraft:used":{"minecraft:stone_sword":39,"minecraft:stone_pickaxe":123,"minecraft:wooden_pickaxe":12,"minecraft:iron_sword":59,"minecraft:jungle_boat":2,"minecraft:rotten_flesh":8,"minecraft:oak_door":1,"minecraft:dirt":12,"minecraft:crafting_table":8,"minecraft:blast_furnace":1,"minecraft:dripstone_block":8,"minecraft:granite":3,"minecraft:wooden_axe":15,"minecraft:lava_bucket":9,"minecraft:iron_axe":24,"minecraft:melon_slice":87,"minecraft:iron_pickaxe":193,"minecraft:stone_axe":6,"minecraft:wooden_sword":12,"minecraft:cobblestone":68,"minecraft:beef":2,"minecraft:furnace":1,"minecraft:bucket":10,"minecraft:andesite":4},"minecraft:custom":{"minecraft:interact_with_furnace":7,"minecraft:mob_kills":27,"minecraft:interact_with_crafting_table":18,"minecraft:leave_game":2,"minecraft:time_since_death":143857,"minecraft:climb_one_cm":8639,"minecraft:time_since_rest":143877,"minecraft:sprint_one_cm":65343,"minecraft:damage_taken":2471,"minecraft:walk_one_cm":251608,"minecraft:drop":45,"minecraft:damage_dealt":6101,"minecraft:swim_one_cm":146898,"minecraft:fly_one_cm":136052,"minecraft:open_chest":1,"minecraft:crouch_one_cm":10626,"minecraft:play_time":164372,"minecraft:deaths":3,"minecraft:sneak_time":5053,"minecraft:walk_under_water_one_cm":38992,"minecraft:boat_one_cm":202410,"minecraft:jump":1431,"minecraft:interact_with_blast_furnace":15,"minecraft:walk_on_water_one_cm":36612,"minecraft:total_world_time":164372,"minecraft:fall_one_cm":37039},"minecraft:broken":{"minecraft:stone_pickaxe":1},"minecraft:killed":{"minecraft:creeper":1,"minecraft:skeleton":10,"minecraft:zombie":14,"minecraft:drowned":1,"minecraft:cow":1},"minecraft:picked_up":{"minecraft:jungle_boat":1,"minecraft:crafting_table":10,"minecraft:jungle_log":7,"minecraft:water_bucket":2,"minecraft:andesite":4,"minecraft:leather":1,"minecraft:potato":1,"minecraft:amethyst_block":9,"minecraft:dirt":15,"minecraft:string":1,"minecraft:wooden_sword":2,"minecraft:bone":14,"minecraft:wheat_seeds":6,"minecraft:raw_gold":9,"minecraft:beef":2,"minecraft:stone_pickaxe":1,"minecraft:calcite":2,"minecraft:bamboo":14,"minecraft:melon_slice":162,"minecraft:sugar_cane":7,"minecraft:chest":1,"minecraft:oak_planks":6,"minecraft:iron_sword":1,"minecraft:furnace":2,"minecraft:stick":11,"minecraft:raw_iron":124,"minecraft:smooth_basalt":4,"minecraft:oak_door":1,"minecraft:copper_ingot":2,"minecraft:dripstone_block":14,"minecraft:jungle_planks":16,"minecraft:amethyst_shard":12,"minecraft:pointed_dripstone":114,"minecraft:blast_furnace":1,"minecraft:stone_sword":2,"minecraft:arrow":24,"minecraft:rotten_flesh":10,"minecraft:stone_axe":2,"minecraft:granite":3,"minecraft:coal":55,"minecraft:cobblestone":115},"minecraft:dropped":{"minecraft:water_bucket":1,"minecraft:iron_sword":1,"minecraft:stone_axe":2,"minecraft:wheat_seeds":2,"minecraft:stone_sword":2,"minecraft:dripstone_block":6,"minecraft:amethyst_block":9,"minecraft:copper_ingot":2,"minecraft:potato":1,"minecraft:wooden_axe":1,"minecraft:wooden_sword":1,"minecraft:arrow":9,"minecraft:wooden_pickaxe":1,"minecraft:calcite":2,"minecraft:string":1,"minecraft:smooth_basalt":4},"minecraft:killed_by":{"minecraft:player":1,"minecraft:skeleton":1,"minecraft:creeper":1},"minecraft:mined":{"minecraft:large_amethyst_bud":1,"minecraft:oak_door":1,"minecraft:amethyst_cluster":3,"minecraft:crafting_table":9,"minecraft:granite":3,"minecraft:blast_furnace":1,"minecraft:grass_block":2,"minecraft:calcite":1,"minecraft:chest":1,"minecraft:melon":16,"minecraft:jungle_log":5,"minecraft:sugar_cane":3,"minecraft:oak_planks":6,"minecraft:amethyst_block":3,"minecraft:furnace":1,"minecraft:iron_ore":122,"minecraft:andesite":4,"minecraft:grass":19,"minecraft:pointed_dripstone":20,"minecraft:coal_ore":42,"minecraft:vine":2,"minecraft:dripstone_block":3,"minecraft:dirt":11,"minecraft:smooth_basalt":2,"minecraft:bamboo":1,"minecraft:stone":105,"minecraft:gold_ore":9,"minecraft:oak_leaves":5,"minecraft:fern":4}},"DataVersion":3105}