{"stats":{"minecraft:crafted":{"minecraft:oak_door":3,"minecraft:smooth_stone":3,"minecraft:oak_planks":40,"minecraft:furnace":1,"minecraft:blast_furnace":1,"minecraft:stone":3,"minecraft:iron_boots":1,"minecraft:iron_axe":1,"minecraft:stone_pickaxe":1,"minecraft:chest":1,"minecraft:cooked_beef":20,"minecraft:jungle_boat":1,"minecraft:wooden_pickaxe":1,"minecraft:iron_helmet":1,"minecraft:iron_sword":1,"minecraft:bucket":1,"minecraft:stone_axe":1,"minecraft:bread":8,"minecraft:air":0,"minecraft:jungle_planks":20,"minecraft:iron_chestplate":1,"minecraft:stick":24,"minecraft:iron_ingot":187,"minecraft:iron_pickaxe":2,"minecraft:wooden_axe":1,"minecraft:stone_sword":1,"minecraft:iron_leggings":1,"minecraft:white_bed":2,"minecraft:torch":8},"minecraft:custom":{"minecraft:mob_kills":46,"minecraft:interact_with_crafting_table":24,"minecraft:leave_game":2,"minecraft:time_since_death":221857,"minecraft:climb_one_cm":8639,"minecraft:sprint_one_cm":112312,"minecraft:walk_one_cm":361616,"minecraft:drop":65,"minecraft:play_time":242372,"minecraft:deaths":3,"minecraft:sneak_time":7483,"minecraft:walk_under_water_one_cm":75949,"minecraft:boat_one_cm":757501,"minecraft:jump":2069,"minecraft:interact_with_blast_furnace":52,"minecraft:walk_on_water_one_cm":55361,"minecraft:total_world_time":242372,"minecraft:interact_with_furnace":25,"minecraft:time_since_rest":221877,"minecraft:damage_taken":2889,"minecraft:damage_dealt":9063,"minecraft:swim_one_cm":175904,"minecraft:fly_one_cm":223104,"minecraft:open_chest":50,"minecraft:crouch_one_cm":17312,"minecraft:fall_one_cm":51125},"minecraft:used":{"minecraft:stone_sword":39,"minecraft:chest":7,"minecraft:iron_sword":94,"minecraft:rotten_flesh":9,"minecraft:oak_door":6,"minecraft:torch":11,"minecraft:dirt":34,"minecraft:mutton":2,"minecraft:granite":3,"minecraft:wooden_axe":15,"minecraft:lava_bucket":9,"minecraft:iron_axe":70,"minecraft:beef":3,"minecraft:furnace":2,"minecraft:cooked_beef":2,"minecraft:cobbled_deepslate":21,"minecraft:water_bucket":11,"minecraft:stone_pickaxe":123,"minecraft:oak_planks":1,"minecraft:wooden_pickaxe":12,"minecraft:jungle_boat":2,"minecraft:salmon":1,"minecraft:crafting_table":12,"minecraft:blast_furnace":2,"minecraft:dripstone_block":8,"minecraft:melon_slice":102,"minecraft:iron_pickaxe":317,"minecraft:stone_axe":6,"minecraft:wooden_sword":12,"minecraft:cobblestone":76,"minecraft:andesite":4,"minecraft:bucket":21},"minecraft:broken":{"minecraft:stone_pickaxe":1,"minecraft:iron_pickaxe":1},"minecraft:killed":{"minecraft:spider":2,"minecraft:skeleton":12,"minecraft:drowned":1,"minecraft:creeper":1,"minecraft:sheep":3,"minecraft:zombie":21,"minecraft:cow":6},"minecraft:picked_up":{"minecraft:crafting_table":15,"minecraft:wheat":11,"minecraft:chicken":1,"minecraft:suspicious_stew":4,"minecraft:amethyst_block":9,"minecraft:string":1,"minecraft:raw_copper":28,"minecraft:wooden_sword":2,"minecraft:cobbled_deepslate":23,"minecraft:beef":23,"minecraft:calcite":2,"minecraft:jungle_sapling":4,"minecraft:iron_nugget":10,"minecraft:melon_slice":172,"minecraft:sugar_cane":29,"minecraft:chest":10,"minecraft:furnace":5,"minecraft:stick":13,"minecraft:raw_iron":189,"minecraft:oak_door":7,"minecraft:copper_ingot":3,"minecraft:torch":3,"minecraft:pointed_dripstone":114,"minecraft:carrot":22,"minecraft:dark_oak_planks":2,"minecraft:stone_shovel":1,"minecraft:rotten_flesh":17,"minecraft:stone_sword":5,"minecraft:arrow":26,"minecraft:gold_ingot":1,"minecraft:mutton":11,"minecraft:white_wool":8,"minecraft:cobblestone":138,"minecraft:feather":9,"minecraft:jungle_boat":4,"minecraft:salmon":1,"minecraft:jungle_log":7,"minecraft:glow_ink_sac":1,"minecraft:water_bucket":2,"minecraft:andesite":4,"minecraft:leather":8,"minecraft:potato":7,"minecraft:filled_map":1,"minecraft:oak_log":13,"minecraft:gunpowder":5,"minecraft:paper":2,"minecraft:dirt":35,"minecraft:bone":17,"minecraft:wheat_seeds":7,"minecraft:raw_gold":9,"minecraft:iron_ingot":8,"minecraft:stone_pickaxe":3,"minecraft:bamboo":14,"minecraft:moss_block":11,"minecraft:oak_planks":7,"minecraft:iron_sword":1,"minecraft:smooth_basalt":8,"minecraft:dripstone_block":14,"minecraft:jungle_planks":75,"minecraft:amethyst_shard":12,"minecraft:blast_furnace":2,"minecraft:spruce_log":2,"minecraft:leather_helmet":5,"minecraft:stone_axe":4,"minecraft:granite":3,"minecraft:gray_wool":2,"minecraft:emerald":9,"minecraft:coal":63},"minecraft:dropped":{"minecraft:water_bucket":1,"minecraft:iron_sword":1,"minecraft:moss_block":14,"minecraft:wheat_seeds":3,"minecraft:glow_ink_sac":1,"minecraft:dripstone_block":6,"minecraft:feather":1,"minecraft:leather":8,"minecraft:amethyst_block":9,"minecraft:copper_ingot":2,"minecraft:stick":5,"minecraft:gray_wool":1,"minecraft:wooden_axe":1,"minecraft:wooden_sword":1,"minecraft:string":1,"minecraft:dark_oak_planks":2,"minecraft:smooth_basalt":4,"minecraft:furnace":1,"minecraft:stone_axe":2,"minecraft:stone_sword":2,"minecraft:cobbled_deepslate":2,"minecraft:rotten_flesh":4,"minecraft:filled_map":2,"minecraft:potato":1,"minecraft:spruce_log":1,"minecraft:arrow":9,"minecraft:wooden_pickaxe":1,"minecraft:calcite":2},"minecraft:killed_by":{"minecraft:player":1,"minecraft:creeper":1,"minecraft:skeleton":1},"minecraft:mined":{"minecraft:large_amethyst_bud":1,"minecraft:oak_door":5,"minecraft:granite":3,"minecraft:grass_block":2,"minecraft:jungle_log":5,"minecraft:furnace":2,"minecraft:iron_ore":178,"minecraft:andesite":4,"minecraft:pointed_dripstone":20,"minecraft:deepslate_iron_ore":9,"minecraft:vine":2,"minecraft:bamboo":1,"minecraft:stone":124,"minecraft:amethyst_cluster":3,"minecraft:crafting_table":13,"minecraft:torch":3,"minecraft:blast_furnace":2,"minecraft:calcite":1,"minecraft:melon":16,"minecraft:chest":11,"minecraft:oak_planks":7,"minecraft:sugar_cane":3,"minecraft:amethyst_block":3,"minecraft:lilac":1,"minecraft:grass":28,"minecraft:oak_log":10,"minecraft:coal_ore":42,"minecraft:dirt":11,"minecraft:dripstone_block":3,"minecraft:smooth_basalt":2,"minecraft:gold_ore":9,"minecraft:oak_leaves":8,"minecraft:deepslate":38,"minecraft:fern":4}},"DataVersion":3105}