{"stats":{"minecraft:crafted":{"minecraft:stick":20,"minecraft:wooden_pickaxe":1,"minecraft:stone_pickaxe":1,"minecraft:wooden_axe":1,"minecraft:stone_sword":1,"minecraft:furnace":1,"minecraft:stone_axe":1,"minecraft:jungle_planks":8},"minecraft:used":{"minecraft:wooden_axe":15,"minecraft:stone_sword":22,"minecraft:melon_slice":13,"minecraft:stone_pickaxe":66,"minecraft:wooden_pickaxe":12,"minecraft:stone_axe":1,"minecraft:rotten_flesh":2,"minecraft:wooden_sword":12,"minecraft:cobblestone":20,"minecraft:crafting_table":4,"minecraft:dripstone_block":2,"minecraft:granite":3},"minecraft:custom":{"minecraft:time_since_rest":3486,"minecraft:sprint_one_cm":16704,"minecraft:damage_taken":1220,"minecraft:walk_one_cm":68009,"minecraft:mob_kills":5,"minecraft:drop":5,"minecraft:damage_dealt":1623,"minecraft:swim_one_cm":55171,"minecraft:interact_with_crafting_table":6,"minecraft:fly_one_cm":43543,"minecraft:crouch_one_cm":3146,"minecraft:play_time":23981,"minecraft:deaths":3,"minecraft:sneak_time":1174,"minecraft:walk_under_water_one_cm":4837,"minecraft:jump":398,"minecraft:walk_on_water_one_cm":14029,"minecraft:time_since_death":3466,"minecraft:climb_one_cm":442,"minecraft:total_world_time":23981,"minecraft:fall_one_cm":11817},"minecraft:killed":{"minecraft:skeleton":4,"minecraft:zombie":1},"minecraft:picked_up":{"minecraft:stick":11,"minecraft:raw_iron":12,"minecraft:crafting_table":6,"minecraft:jungle_log":4,"minecraft:dripstone_block":4,"minecraft:jungle_planks":16,"minecraft:pointed_dripstone":70,"minecraft:stone_sword":1,"minecraft:dirt":2,"minecraft:wooden_sword":2,"minecraft:bone":8,"minecraft:arrow":13,"minecraft:rotten_flesh":2,"minecraft:stone_axe":1,"minecraft:wheat_seeds":5,"minecraft:granite":3,"minecraft:stone_pickaxe":1,"minecraft:melon_slice":147,"minecraft:coal":26,"minecraft:cobblestone":39,"minecraft:furnace":1},"minecraft:dropped":{"minecraft:wheat_seeds":2,"minecraft:wooden_axe":1,"minecraft:wooden_sword":1,"minecraft:wooden_pickaxe":1},"minecraft:killed_by":{"minecraft:player":1,"minecraft:skeleton":1,"minecraft:creeper":1},"minecraft:mined":{"minecraft:iron_ore":10,"minecraft:pointed_dripstone":11,"minecraft:coal_ore":13,"minecraft:granite":3,"minecraft:crafting_table":5,"minecraft:grass":12,"minecraft:grass_block":1,"minecraft:vine":2,"minecraft:melon":13,"minecraft:jungle_log":2,"minecraft:dripstone_block":2,"minecraft:stone":35,"minecraft:fern":4}},"DataVersion":3105}