{"stats":{"minecraft:crafted":{"minecraft:stick":20,"minecraft:wooden_pickaxe":1,"minecraft:stone_pickaxe":1,"minecraft:wooden_axe":1,"minecraft:stone_sword":1,"minecraft:furnace":1,"minecraft:stone_axe":1,"minecraft:jungle_planks":8},"minecraft:used":{"minecraft:wooden_axe":15,"minecraft:stone_sword":17,"minecraft:melon_slice":8,"minecraft:stone_pickaxe":28,"minecraft:wooden_pickaxe":12,"minecraft:stone_axe":1,"minecraft:rotten_flesh":2,"minecraft:wooden_sword":12,"minecraft:crafting_table":4,"minecraft:granite":2},"minecraft:custom":{"minecraft:time_since_rest":9061,"minecraft:sprint_one_cm":12309,"minecraft:damage_taken":895,"minecraft:walk_one_cm":34135,"minecraft:mob_kills":4,"minecraft:drop":5,"minecraft:damage_dealt":1368,"minecraft:interact_with_crafting_table":6,"minecraft:fly_one_cm":32923,"minecraft:crouch_one_cm":1036,"minecraft:play_time":11988,"minecraft:deaths":2,"minecraft:sneak_time":540,"minecraft:walk_under_water_one_cm":168,"minecraft:jump":211,"minecraft:walk_on_water_one_cm":4862,"minecraft:time_since_death":9041,"minecraft:climb_one_cm":442,"minecraft:total_world_time":11988,"minecraft:fall_one_cm":6244},"minecraft:killed":{"minecraft:skeleton":3,"minecraft:zombie":1},"minecraft:picked_up":{"minecraft:crafting_table":5,"minecraft:jungle_log":4,"minecraft:jungle_planks":16,"minecraft:dirt":1,"minecraft:wooden_sword":2,"minecraft:bone":4,"minecraft:arrow":6,"minecraft:rotten_flesh":2,"minecraft:wheat_seeds":4,"minecraft:granite":3,"minecraft:melon_slice":83,"minecraft:coal":4,"minecraft:cobblestone":33},"minecraft:dropped":{"minecraft:wheat_seeds":2,"minecraft:wooden_axe":1,"minecraft:wooden_sword":1,"minecraft:wooden_pickaxe":1},"minecraft:killed_by":{"minecraft:player":1,"minecraft:creeper":1},"minecraft:mined":{"minecraft:coal_ore":4,"minecraft:granite":3,"minecraft:crafting_table":5,"minecraft:grass":12,"minecraft:grass_block":1,"minecraft:vine":2,"minecraft:melon":13,"minecraft:jungle_log":2,"minecraft:stone":33,"minecraft:fern":4}},"DataVersion":3105}