{"stats":{"minecraft:crafted":{"minecraft:smooth_stone":3,"minecraft:wooden_pickaxe":1,"minecraft:iron_helmet":1,"minecraft:iron_sword":1,"minecraft:furnace":1,"minecraft:blast_furnace":1,"minecraft:stone":3,"minecraft:stone_axe":1,"minecraft:air":0,"minecraft:jungle_planks":8,"minecraft:iron_boots":1,"minecraft:iron_chestplate":1,"minecraft:iron_axe":1,"minecraft:stick":20,"minecraft:iron_ingot":46,"minecraft:iron_pickaxe":1,"minecraft:stone_pickaxe":1,"minecraft:wooden_axe":1,"minecraft:stone_sword":1,"minecraft:iron_leggings":1},"minecraft:used":{"minecraft:stone_sword":39,"minecraft:stone_pickaxe":123,"minecraft:wooden_pickaxe":12,"minecraft:rotten_flesh":2,"minecraft:dirt":1,"minecraft:crafting_table":5,"minecraft:blast_furnace":1,"minecraft:dripstone_block":2,"minecraft:granite":3,"minecraft:wooden_axe":15,"minecraft:iron_axe":1,"minecraft:melon_slice":35,"minecraft:iron_pickaxe":21,"minecraft:stone_axe":6,"minecraft:wooden_sword":12,"minecraft:cobblestone":24,"minecraft:furnace":1,"minecraft:andesite":1},"minecraft:custom":{"minecraft:interact_with_furnace":7,"minecraft:mob_kills":11,"minecraft:interact_with_crafting_table":15,"minecraft:time_since_death":27466,"minecraft:climb_one_cm":442,"minecraft:time_since_rest":27486,"minecraft:sprint_one_cm":18238,"minecraft:damage_taken":1475,"minecraft:walk_one_cm":106775,"minecraft:drop":6,"minecraft:damage_dealt":2812,"minecraft:swim_one_cm":55171,"minecraft:fly_one_cm":45319,"minecraft:crouch_one_cm":3867,"minecraft:play_time":47981,"minecraft:deaths":3,"minecraft:sneak_time":1735,"minecraft:walk_under_water_one_cm":5487,"minecraft:jump":539,"minecraft:interact_with_blast_furnace":15,"minecraft:walk_on_water_one_cm":21652,"minecraft:total_world_time":47981,"minecraft:fall_one_cm":15711},"minecraft:broken":{"minecraft:stone_pickaxe":1},"minecraft:killed":{"minecraft:creeper":1,"minecraft:skeleton":6,"minecraft:zombie":4},"minecraft:picked_up":{"minecraft:crafting_table":7,"minecraft:jungle_log":4,"minecraft:andesite":1,"minecraft:dirt":2,"minecraft:wooden_sword":2,"minecraft:bone":8,"minecraft:wheat_seeds":5,"minecraft:stone_pickaxe":1,"minecraft:melon_slice":147,"minecraft:iron_sword":1,"minecraft:furnace":2,"minecraft:stick":11,"minecraft:raw_iron":48,"minecraft:dripstone_block":4,"minecraft:jungle_planks":16,"minecraft:blast_furnace":1,"minecraft:pointed_dripstone":110,"minecraft:rotten_flesh":4,"minecraft:stone_sword":1,"minecraft:arrow":15,"minecraft:stone_axe":1,"minecraft:granite":3,"minecraft:coal":49,"minecraft:cobblestone":43},"minecraft:dropped":{"minecraft:iron_sword":1,"minecraft:wheat_seeds":2,"minecraft:wooden_axe":1,"minecraft:wooden_sword":1,"minecraft:wooden_pickaxe":1},"minecraft:killed_by":{"minecraft:player":1,"minecraft:skeleton":1,"minecraft:creeper":1},"minecraft:mined":{"minecraft:crafting_table":6,"minecraft:granite":3,"minecraft:blast_furnace":1,"minecraft:grass_block":1,"minecraft:melon":13,"minecraft:jungle_log":2,"minecraft:furnace":1,"minecraft:iron_ore":46,"minecraft:andesite":1,"minecraft:grass":12,"minecraft:pointed_dripstone":19,"minecraft:coal_ore":36,"minecraft:vine":2,"minecraft:dripstone_block":2,"minecraft:stone":39,"minecraft:fern":4}},"DataVersion":3105}